ID,Name,Age,Department,Salary
497,Charlie Martinez,45,IT,39866
395,Diana Smith,49,Finance,73108
590,Diana Davis,41,Finance,76486
918,Charlie Jones,58,HR,36971
654,George Rodriguez,26,Marketing,103445
562,Ethan Jones,30,Sales,60841
852,Diana Miller,58,Finance,87326
1474,Bob Garcia,23,Sales,103616
397,Fiona Brown,58,IT,64171
556,Diana Rodriguez,38,Operations,76804
35,Bob Rodriguez,28,Finance,111040
965,Fiona Rodriguez,59,Marketing,56819
438,George Williams,26,Operations,34798
706,Alice Brown,47,Marketing,105054
440,Diana Garcia,55,Marketing,59300
238,Ethan Miller,51,IT,40756
540,Bob Davis,37,IT,46905
927,Bob Miller,51,Sales,95794
498,Fiona Brown,56,HR,100067
351,Hannah Williams,46,Marketing,47347
80,Fiona Martinez,50,Marketing,107714
942,John Brown,32,IT,85661
470,George Williams,50,Finance,118789
614,Diana Jones,62,Finance,79666
381,Diana Martinez,60,Operations,89474
456,Bob Martinez,45,HR,60911
584,Charlie Williams,47,Finance,43057
862,Alice Miller,52,Finance,48708
647,Alice Rodriguez,34,Operations,53762
873,John Brown,23,Operations,48133
936,Fiona Martinez,56,IT,63380
225,Jane Garcia,28,IT,84253
200,Fiona Johnson,25,Marketing,70390
430,Diana Martinez,42,Finance,77076
670,,34,Operations,78868
216,George Martinez,24,IT,59371
998,Alice Garcia,43,IT,59009
788,Hannah Brown,47,IT,80026
157,Diana Jones,49,Finance,42149
454,George Davis,48,Operations,94041
1963,John Garcia,35,IT,39752
491,Alice Brown,46,Finance,113588
902,Ethan Williams,57,Operations,91001
427,Hannah Miller,37,Sales,89353
106,John Brown,54,Sales,76819
190,Charlie Miller,58,Operations,56160
293,Ethan Smith,59,Finance,60682
469,Charlie Jones,64,Marketing,58602
531,Diana Garcia,40,HR,117527
396,George Miller,47,HR,96918
925,,59,Operations,36530
1617,Diana Johnson,52,IT,92946
1631,Fiona Rodriguez,49,Sales,77701
9,Alice Davis,44,Sales,45398
693,Charlie Miller,35,Sales,40258
1920,Alice Williams,38,Sales,115445
67,George Miller,52,HR,34114
884,Fiona Williams,32,Marketing,43565
249,Alice Jones,53,HR,49201
365,Diana Brown,55,Sales,65262
160,Charlie Smith,54,Finance,101031
686,John Jones,58,Finance,72092
708,Jane Williams,24,HR,63787
893,Fiona Smith,54,Marketing,78563
243,Bob Davis,47,Operations,86549
516,Charlie Rodriguez,41,Finance,80979
543,Ethan Garcia,60,HR,119489
358,Hannah Garcia,29,IT,41871
24,Jane Rodriguez,54,Finance,34470
281,Alice Williams,35,IT,86273
639,Ethan Smith,58,Finance,70372
324,Diana Miller,54,HR,54226
576,Hannah Davis,25,Operations,87941
145,Bob Smith,53,HR,74139
676,Alice Miller,42,Sales,46029
738,Ethan Martinez,38,Operations,92812
31,Charlie Jones,37,Operations,45577
720,Jane Johnson,23,IT,87418
695,John Smith,22,Sales,111580
273,John Martinez,23,Finance,78231
663,Hannah Jones,53,IT,45379
276,Fiona Johnson,62,Sales,71323
158,John Williams,46,HR,89189
263,George Miller,59,Operations,118733
393,Hannah Miller,38,Finance,84823
383,George Martinez,27,Operations,59794
349,John Johnson,47,Finance,101308
228,Alice Johnson,61,Finance,44210
627,Ethan Jones,29,HR,61656
1530,Fiona Johnson,52,Sales,35978
422,Fiona Smith,49,Finance,53177
130,Ethan Smith,63,Finance,80115
746,Jane Williams,41,IT,59309
513,Alice Rodriguez,62,Sales,65144
803,Fiona Williams,35,HR,100968
757,John Williams,37,HR,67051
23,George Jones,42,HR,112811
688,Diana Garcia,31,Finance,96077
105,John Johnson,55,Operations,41563
72,Bob Martinez,61,IT,47772
698,Bob Johnson,22,Operations,36256
864,Diana Miller,30,HR,104905
926,Fiona Davis,56,Marketing,41116
991,Hannah Jones,50,Finance,115751
101,Diana Brown,28,Finance,111889
15,Diana Williams,45,Marketing,109141
802,Hannah Brown,43,HR,52669
359,Jane Brown,37,IT,107452
922,Fiona Brown,32,Sales,110257
180,Jane Brown,33,HR,66451
911,,31,HR,51384
373,John Brown,63,HR,69922
894,Hannah Garcia,41,HR,56390
34,Ethan Miller,58,Operations,58625
58,Bob Garcia,63,Sales,117128
843,Alice Johnson,61,Sales,113457
604,Charlie Brown,42,HR,59725
394,George Brown,40,HR,53312
739,Ethan Davis,26,IT,37999
523,Hannah Jones,62,Operations,116205
764,Jane Johnson,25,IT,53252
579,Charlie Jones,52,IT,88712
648,Alice Miller,49,HR,112617
625,Diana Williams,53,HR,55498
42,George Smith,35,IT,84061
259,Ethan Miller,45,HR,98910
545,Charlie Smith,52,IT,75000
374,George Miller,27,IT,109364
437,Fiona Smith,31,Sales,40634
350,Hannah Davis,56,Sales,78244
53,Jane Jones,57,Marketing,99569
371,Hannah Martinez,43,Marketing,102146
846,George Garcia,62,Finance,95633
229,Hannah Johnson,60,Operations,46456
541,John Jones,60,HR,75838
982,Ethan Miller,29,HR,111623
231,George Smith,61,HR,84624
1998,Alice Garcia,43,IT,59009
227,Ethan Jones,54,Operations,103379
977,John Brown,60,Operations,117489
502,Alice Rodriguez,60,Finance,59956
1723,Ethan Johnson,59,Finance,38329
762,Diana Davis,25,Finance,92424
473,Fiona Jones,52,Sales,79230
316,Hannah Williams,45,Finance,93133
840,Bob Miller,43,Marketing,99184
408,Jane Martinez,22,Marketing,110354
778,Hannah Williams,43,Operations,39833
718,Diana Miller,42,Operations,60254
796,Diana Williams,47,Operations,96707
244,Bob Martinez,23,Marketing,64503
624,Jane Rodriguez,31,Operations,109578
810,Hannah Martinez,47,Finance,87714
184,Ethan Garcia,58,Finance,118920
876,Hannah Davis,32,Sales,86700
721,Hannah Brown,32,Sales,44472
642,Alice Jones,48,Operations,66751
26,Bob Jones,43,Sales,53196
36,Fiona Garcia,42,Marketing,54089
928,Ethan Johnson,52,Operations,30282
37,Charlie Miller,30,HR,66487
66,George Brown,35,Sales,97203
13,Ethan Johnson,57,Sales,98785
506,Jane Rodriguez,53,Operations,72533
90,Bob Brown,32,Operations,55537
307,Jane Smith,56,HR,94612
131,Hannah Miller,34,Finance,37151
829,Ethan Smith,46,Operations,101707
297,Ethan Jones,48,HR,68067
730,Bob Rodriguez,48,Sales,113820
970,John Rodriguez,46,Sales,107275
845,Charlie Garcia,63,HR,98673
656,Alice Davis,23,Finance,32023
402,Diana Smith,22,Sales,45422
119,Charlie Miller,24,IT,117163
640,George Martinez,62,IT,119464
1458,Charlie Johnson,56,HR,33191
722,Jane Rodriguez,60,Sales,33471
287,Diana Rodriguez,38,Operations,49169
142,Alice Brown,50,IT,73596
174,Alice Brown,45,IT,106153
608,Bob Smith,58,Sales,59806
621,Fiona Miller,44,Finance,64196
356,Bob Jones,41,IT,119099
1941,Ethan Miller,29,Sales,41205
697,Charlie Williams,25,Marketing,58854
1649,Jane Williams,50,Finance,39596
710,Bob Jones,22,Finance,105564
346,Jane Davis,60,Operations,81112
986,Alice Smith,54,Sales,30587
671,Alice Martinez,54,HR,53225
150,Diana Rodriguez,63,HR,33654
809,Hannah Garcia,23,Finance,48322
827,Bob Rodriguez,43,Operations,105415
223,Alice Jones,41,Operations,61007
962,Bob Davis,61,IT,38004
578,Charlie Williams,27,Marketing,116250
906,Diana Martinez,54,Sales,51800
172,John Johnson,54,Sales,67384
580,Jane Jones,40,Finance,73541
75,Diana Garcia,39,Sales,81924
288,George Johnson,54,HR,46163
813,Jane Miller,24,Operations,59055
55,George Jones,25,IT,35704
155,Bob Smith,51,IT,36441
985,Alice Brown,50,IT,39346
1703,Hannah Garcia,52,Finance,114730
630,George Garcia,45,Operations,114899
930,Ethan Brown,35,Marketing,31898
888,Diana Jones,27,IT,80729
14,Charlie Johnson,61,Marketing,39110
236,Diana Miller,44,HR,99249
848,Hannah Smith,27,Marketing,108258
652,Diana Martinez,27,Operations,53705
1696,Fiona Garcia,34,Finance,35469
805,Bob Johnson,49,Marketing,48745
951,Charlie Jones,40,HR,72870
789,Bob Davis,48,IT,45892
905,George Williams,24,Finance,63243
149,Ethan Smith,23,IT,93646
51,John Johnson,35,HR,38125
133,Charlie Williams,60,Operations,66378
334,Diana Martinez,43,Sales,93740
908,Bob Garcia,31,Sales,87828
602,Alice Davis,27,Sales,111942
298,Fiona Rodriguez,55,Sales,72685
260,,32,IT,55592
226,George Davis,62,HR,42323
958,Diana Brown,39,Sales,56170
823,Fiona Miller,31,Finance,63365
152,Charlie Martinez,49,Operations,48743
546,Hannah Williams,26,Sales,52168
1541,John Jones,60,HR,75838
368,Fiona Garcia,44,IT,107866
399,Alice Johnson,44,Finance,98828
564,Alice Davis,23,HR,106272
467,John Jones,61,IT,58671
482,Alice Jones,31,HR,71991
577,Charlie Williams,57,Finance,88005
619,John Rodriguez,24,Marketing,98056
807,Alice Rodriguez,35,Finance,64521
704,Charlie Garcia,29,IT,55051
520,Hannah Davis,40,IT,89560
773,Hannah Johnson,42,IT,49675
268,Ethan Martinez,56,Operations,69891
685,Charlie Martinez,44,Operations,79815
847,Charlie Jones,58,Operations,106943
749,Fiona Davis,55,Operations,35105
1973,Alice Johnson,23,IT,30645
125,George Williams,48,Sales,108612
976,Bob Garcia,61,Marketing,60090
919,Fiona Brown,30,Sales,59139
737,Jane Rodriguez,63,Operations,111906
987,Fiona Williams,51,Marketing,42763
1937,Jane Rodriguez,22,Marketing,47071
186,Ethan Davis,23,Marketing,111571
655,Ethan Jones,46,Marketing,108645
274,Ethan Johnson,56,HR,59301
302,Hannah Williams,49,Marketing,113362
867,George Johnson,61,Sales,60573
114,Charlie Miller,56,HR,54596
447,Hannah Jones,25,Marketing,102930
572,George Jones,43,Finance,53911
933,Bob Garcia,55,IT,115120
461,Ethan Jones,64,IT,79723
143,Bob Johnson,57,Operations,53171
291,Ethan Rodriguez,43,Finance,114328
747,Diana Davis,45,Marketing,45078
91,Fiona Jones,38,HR,107576
622,Diana Garcia,32,Operations,66735
27,Diana Jones,46,Marketing,43669
286,Bob Rodriguez,24,HR,39715
879,Alice Garcia,27,Marketing,48489
969,George Rodriguez,54,Sales,45036
776,Alice Rodriguez,49,Operations,80057
264,Hannah Miller,61,HR,98619
703,Hannah Garcia,52,Finance,114730
725,Fiona Johnson,59,HR,76850
77,Diana Brown,47,Sales,119152
400,Bob Brown,30,Marketing,42411
255,Diana Williams,24,HR,90963
920,Alice Williams,38,Sales,115445
609,Diana Smith,57,Sales,118199
56,,23,Operations,90576
217,Bob Smith,41,HR,81501
673,Fiona Brown,62,Marketing,66727
510,Diana Johnson,44,Marketing,53888
448,John Johnson,37,Sales,44056
5,Alice Smith,29,Operations,95661
696,Fiona Garcia,34,Finance,35469
163,Diana Garcia,34,Marketing,106666
834,George Brown,25,HR,74629
70,Charlie Brown,35,Operations,103297
417,John Miller,37,Sales,100017
597,Diana Rodriguez,34,IT,96912
165,Ethan Miller,24,Marketing,110758
257,Jane Johnson,45,IT,78604
28,Diana Miller,48,Finance,67380
913,George Williams,34,Operations,70846
328,Jane Martinez,63,Sales,82130
871,Fiona Davis,52,Marketing,102055
769,,48,Finance,39557
74,John Brown,37,Finance,31367
278,George Davis,54,Sales,112205
996,Charlie Miller,54,Sales,101986
110,Jane Smith,56,Finance,89889
533,Bob Garcia,26,IT,89765
1990,John Johnson,57,IT,66116
643,John Jones,38,IT,119822
567,Hannah Rodriguez,58,Sales,73950
329,Hannah Smith,52,IT,102909
672,Hannah Smith,55,Sales,36643
667,Charlie Martinez,46,HR,66060
529,Fiona Garcia,35,Operations,55227
294,Diana Johnson,59,Sales,77864
960,Alice Jones,29,Finance,50095
668,Diana Martinez,43,HR,99122
558,Diana Jones,28,Marketing,94946
896,George Miller,22,Marketing,81578
997,Charlie Garcia,25,IT,43230
178,Fiona Johnson,45,IT,64084
2,Alice Smith,50,Finance,71235
768,Hannah Brown,24,IT,67481
904,,64,Marketing,81707
612,Alice Rodriguez,41,Sales,52656
300,John Jones,51,Finance,66035
138,George Rodriguez,44,Sales,84691
415,John Rodriguez,33,HR,91949
222,Fiona Miller,40,HR,106329
94,Charlie Martinez,56,HR,65631
677,John Brown,27,IT,44226
388,Alice Brown,37,Finance,39074
892,Alice Garcia,41,HR,94166
353,Charlie Garcia,34,Finance,61822
899,Bob Johnson,59,Finance,36852
8,Jane Brown,40,Marketing,91212
16,Jane Smith,24,Sales,42115
727,Ethan Miller,39,Finance,36397
267,Alice Martinez,46,HR,50103
478,George Johnson,47,Operations,77684
653,Jane Martinez,39,Sales,97364
332,Alice Rodriguez,45,IT,35656
820,Ethan Miller,46,Operations,54259
853,Ethan Garcia,54,Marketing,60651
952,Diana Brown,35,Sales,82756
64,Ethan Garcia,31,Operations,55923
971,Bob Miller,38,Marketing,79416
772,Bob Johnson,40,IT,64742
664,Ethan Miller,32,Operations,89664
265,Ethan Johnson,41,Marketing,59328
599,George Johnson,46,HR,38894
479,Ethan Miller,29,Finance,60111
431,Fiona Smith,60,Finance,83420
828,Diana Rodriguez,47,HR,37521
44,John Johnson,47,Finance,61890
866,Charlie Garcia,52,Finance,39283
211,John Brown,54,Marketing,62117
355,,57,Sales,70108
209,Diana Brown,32,Finance,34358
441,,52,IT,119881
484,John Johnson,55,Marketing,90920
750,Alice Martinez,27,Sales,32839
983,George Smith,63,Operations,76305
472,Diana Davis,33,Sales,53472
250,Ethan Garcia,30,Sales,88576
201,John Jones,32,HR,53711
954,Diana Jones,25,Marketing,31283
1285,Jane Miller,28,Operations,95061
459,John Smith,54,Operations,63160
486,John Miller,28,Finance,66224
806,Jane Williams,44,IT,58228
159,Diana Williams,60,HR,51675
348,Ethan Johnson,63,Marketing,80200
406,John Smith,46,Finance,101229
775,Charlie Brown,39,IT,47015
386,Bob Martinez,56,Finance,80331
633,Ethan Williams,49,Operations,40805
347,George Smith,50,HR,53429
1110,Jane Smith,56,Finance,89889
107,Fiona Williams,44,IT,103770
122,Jane Johnson,47,Operations,38906
634,Jane Brown,57,Marketing,65851
538,Alice Brown,57,IT,94379
60,Diana Johnson,50,IT,57208
1878,Hannah Brown,36,Sales,36823
466,Hannah Smith,54,IT,50281
705,Hannah Davis,60,HR,57386
1413,Alice Martinez,50,IT,106373
487,Jane Smith,25,Marketing,37788
645,Diana Jones,54,Operations,84341
182,Jane Miller,23,Operations,61910
585,Ethan Garcia,40,Sales,94028
808,,45,Sales,56928
323,George Smith,44,Finance,108222
398,George Rodriguez,47,Operations,71779
524,John Williams,40,Sales,36910
856,Jane Brown,27,HR,46994
1595,Hannah Williams,22,Sales,57044
724,George Brown,55,Operations,64865
410,Bob Smith,60,Marketing,57605
1838,George Smith,39,Operations,80669
333,Jane Jones,53,IT,104520
755,Diana Garcia,32,IT,47069
748,John Johnson,26,Operations,86614
173,Hannah Brown,63,Operations,111929
49,Hannah Rodriguez,29,Sales,108916
818,Fiona Davis,56,HR,37345
116,Alice Johnson,56,IT,94106
220,Fiona Jones,47,Finance,47625
600,Fiona Williams,54,HR,48037
292,Hannah Rodriguez,51,IT,65585
360,Hannah Johnson,35,Marketing,104270
594,George Martinez,60,Finance,33754
492,Charlie Garcia,42,Sales,46531
742,Charlie Garcia,31,Marketing,32096
723,Ethan Johnson,59,Finance,38329
732,Ethan Davis,59,HR,53284
136,Ethan Rodriguez,51,IT,43467
224,Bob Johnson,53,Marketing,69532
900,Charlie Martinez,58,Finance,32551
629,Diana Johnson,33,Marketing,67900
972,Bob Garcia,54,Sales,39587
146,Hannah Brown,28,HR,78713
232,Alice Martinez,22,Finance,40106
57,Diana Johnson,27,Finance,103384
30,Bob Miller,49,HR,77414
992,Charlie Williams,59,Operations,55556
699,Diana Davis,61,Finance,106256
460,Fiona Jones,54,Sales,94641
777,Fiona Miller,63,Operations,62591
429,Hannah Brown,47,HR,46052
442,Alice Smith,31,Marketing,40749
817,Ethan Garcia,59,Marketing,36304
842,Charlie Martinez,29,IT,43140
532,Diana Garcia,37,Finance,47153
522,Hannah Martinez,33,Finance,91558
1877,John Brown,25,Marketing,57624
233,,32,IT,98008
1493,Diana Williams,57,Operations,118340
435,Bob Davis,58,Operations,83744
364,John Jones,49,IT,85099
601,Bob Miller,59,Finance,113986
838,George Smith,39,Operations,80669
86,Ethan Jones,45,Marketing,109973
675,Jane Davis,22,Finance,95697
321,Charlie Garcia,42,Finance,70461
607,Jane Martinez,32,Operations,86447
120,George Miller,22,IT,69310
616,Diana Johnson,36,IT,68787
156,Alice Johnson,32,Sales,54611
937,Jane Rodriguez,22,Marketing,47071
463,Bob Rodriguez,33,Sales,36172
144,Diana Williams,34,Finance,116365
380,Charlie Brown,26,Sales,67846
476,Ethan Johnson,44,Marketing,55431
527,Bob Smith,28,IT,64964
117,Fiona Garcia,58,IT,99967
766,Jane Miller,24,Marketing,31431
587,Hannah Johnson,24,Sales,54858
620,Bob Martinez,37,Sales,33081
253,Alice Jones,40,HR,30661
251,Fiona Davis,62,Finance,39686
743,Hannah Miller,38,Marketing,55279
171,Charlie Smith,58,Finance,82249
646,Fiona Johnson,41,IT,42087
62,Hannah Williams,47,Finance,96024
241,Jane Smith,28,Operations,34255
841,Fiona Johnson,55,Sales,77945
715,George Jones,44,Marketing,79811
103,Bob Smith,29,IT,41556
1130,Ethan Smith,63,Finance,80115
557,Ethan Martinez,59,Sales,106971
684,Bob Martinez,24,Marketing,108229
814,Ethan Jones,44,IT,72891
305,Hannah Garcia,40,Finance,34437
736,Ethan Davis,51,IT,100553
752,George Garcia,34,HR,73619
269,Diana Williams,46,Sales,40754
71,Hannah Martinez,44,IT,55426
756,George Williams,44,Sales,37531
1623,Ethan Miller,33,Finance,110102
344,Hannah Johnson,30,Finance,41138
770,John Martinez,50,Operations,104971
613,Alice Johnson,39,Operations,85147
501,John Davis,39,HR,58138
975,Diana Martinez,61,Marketing,111835
320,Diana Davis,54,Operations,61750
875,Jane Jones,49,HR,30781
1200,Fiona Johnson,25,Marketing,70390
48,Fiona Johnson,28,Marketing,72287
944,Hannah Jones,58,Marketing,32591
539,Bob Garcia,44,Finance,87866
432,Charlie Jones,57,Operations,30671
93,Diana Johnson,56,Finance,36471
885,Charlie Jones,29,HR,50354
741,Ethan Rodriguez,25,Marketing,72963
246,Fiona Williams,33,HR,75113
779,George Miller,42,Marketing,37896
354,Hannah Brown,28,IT,76659
434,Bob Smith,51,Sales,71424
956,Charlie Davis,63,IT,31125
687,Alice Brown,58,Finance,92539
617,Diana Johnson,52,IT,92946
719,Hannah Smith,35,IT,114045
424,Alice Jones,51,HR,35542
330,Bob Smith,24,IT,85249
195,Diana Rodriguez,23,Finance,71621
787,Charlie Rodriguez,35,IT,48681
711,Diana Jones,26,IT,107984
446,Charlie Johnson,26,IT,51223
598,John Williams,49,Finance,38706
912,Alice Smith,23,Marketing,51038
554,Fiona Martinez,30,HR,32461
978,John Martinez,27,Marketing,82142
631,Fiona Rodriguez,49,Sales,77701
963,John Garcia,35,IT,39752
948,George Brown,42,Finance,84400
793,,51,Sales,44289
147,Ethan Brown,43,Operations,59734
665,Bob Martinez,42,Finance,57766
534,,56,Finance,69071
816,John Miller,39,HR,36588
11,Hannah Brown,32,Sales,36638
234,Ethan Miller,49,Operations,102240
115,Hannah Brown,22,Sales,63174
499,Hannah Miller,56,IT,94027
416,Alice Davis,47,IT,92646
235,Alice Williams,46,IT,94315
957,Fiona Davis,46,IT,97065
780,John Martinez,27,Marketing,62972
18,George Martinez,23,Finance,52911
485,Jane Miller,62,Marketing,93530
812,Diana Williams,28,IT,92292
247,Jane Rodriguez,26,Sales,104069
798,Charlie Smith,22,Operations,95428
45,Alice Miller,23,Marketing,109134
786,Hannah Garcia,55,HR,70785
372,Ethan Smith,43,Finance,101966
239,Fiona Martinez,63,IT,98011
285,Jane Miller,28,Operations,95061
457,Charlie Martinez,33,Marketing,62784
690,Fiona Williams,40,Operations,67861
1674,Ethan Rodriguez,56,IT,41005
870,Jane Smith,45,IT,35774
465,George Smith,22,IT,119097
87,Fiona Garcia,22,IT,93449
426,George Martinez,33,Finance,52740
261,Fiona Smith,29,Sales,58982
745,Jane Brown,38,Operations,49715
980,Ethan Brown,24,Sales,48888
547,Ethan Davis,56,Finance,100119
868,Fiona Miller,58,Sales,108707
6,Jane Jones,42,Operations,75272
683,Diana Brown,59,Operations,85506
938,Ethan Williams,61,HR,50074
797,Ethan Johnson,57,HR,107454
735,Jane Brown,36,Operations,55122
362,Jane Garcia,44,Finance,58179
177,Hannah Brown,53,Finance,101831
548,,44,Finance,68714
389,George Garcia,34,Sales,36406
860,Ethan Rodriguez,32,IT,67823
311,Bob Jones,50,IT,117468
914,Jane Miller,61,HR,117983
52,George Garcia,38,IT,66059
623,Ethan Miller,33,Finance,110102
637,Fiona Martinez,49,HR,43944
277,Ethan Johnson,57,IT,48752
535,Charlie Williams,33,Finance,99519
312,Hannah Davis,27,HR,64594
713,George Rodriguez,51,Marketing,75253
444,Bob Miller,53,HR,67487
932,Diana Williams,30,Operations,36629
196,Hannah Rodriguez,47,Sales,107231
734,Hannah Miller,45,Marketing,113369
641,Ethan Miller,57,Marketing,45379
303,,54,IT,95450
455,Fiona Miller,41,Operations,83352
242,Fiona Jones,37,Finance,44484
21,Fiona Smith,59,Marketing,31969
666,Ethan Davis,47,Finance,98099
966,Jane Martinez,54,Marketing,54217
385,Hannah Martinez,51,IT,100984
121,Jane Davis,26,Marketing,86088
3,Fiona Garcia,36,HR,65057
129,Hannah Rodriguez,47,Operations,36012
207,Jane Brown,27,HR,116936
901,Bob Brown,32,HR,101947
573,Alice Rodriguez,38,Sales,85533
135,,25,Sales,102430
256,Diana Williams,41,Marketing,72828
214,Hannah Miller,37,Operations,85754
205,Charlie Jones,26,Marketing,87784
949,Charlie Davis,58,Operations,55150
139,Fiona Johnson,60,Operations,94157
512,Alice Smith,56,IT,91063
63,Hannah Garcia,55,IT,69882
530,Fiona Johnson,52,Sales,35978
92,Bob Miller,29,HR,52612
335,Jane Davis,44,Finance,94309
611,Charlie Smith,40,HR,95095
252,Jane Williams,56,Operations,83363
782,John Garcia,26,HR,71800
188,John Brown,49,Operations,98576
123,Diana Brown,35,Operations,66914
363,Ethan Davis,36,Sales,82188
910,Jane Smith,44,Finance,36710
445,John Rodriguez,22,Operations,63361
187,John Smith,23,Sales,95481
568,Jane Miller,59,Finance,86849
549,Ethan Garcia,50,HR,84093
649,Jane Williams,50,Finance,39596
907,Charlie Smith,27,HR,105939
837,Charlie Williams,62,HR,97169
889,Fiona Garcia,47,Marketing,71971
658,Charlie Miller,51,Marketing,110073
490,Fiona Williams,57,Sales,106816
494,Hannah Johnson,31,HR,74857
603,John Jones,53,Operations,81612
943,Fiona Williams,62,Marketing,35906
940,Fiona Johnson,50,Sales,69901
589,Charlie Rodriguez,49,Marketing,74638
319,George Miller,56,IT,82290
1249,Alice Jones,53,HR,49201
682,John Smith,26,HR,35997
275,Bob Rodriguez,37,Marketing,92711
550,Jane Davis,64,Marketing,85419
632,Alice Davis,29,Sales,49033
503,Jane Johnson,53,Operations,106295
304,Diana Jones,26,Finance,40382
606,John Martinez,42,HR,39496
765,Fiona Davis,46,IT,110797
941,Ethan Miller,29,Sales,41205
850,Jane Miller,55,Sales,99286
161,John Martinez,22,Operations,72668
314,Hannah Williams,62,Marketing,90631
61,Ethan Williams,39,Operations,115150
203,Ethan Davis,59,IT,104696
296,Alice Rodriguez,48,Finance,85114
299,Jane Smith,42,Sales,48073
794,Ethan Johnson,64,Marketing,37927
366,Hannah Jones,23,Operations,108213
872,Ethan Miller,27,IT,40983
945,Hannah Williams,35,Sales,92987
916,Ethan Davis,41,Operations,67991
923,George Davis,36,IT,114742
915,Bob Smith,23,Marketing,97821
822,George Brown,49,Operations,45352
857,Ethan Brown,27,Finance,97263
39,Alice Garcia,39,Operations,80138
493,Diana Williams,57,Operations,118340
974,Hannah Williams,35,IT,60930
170,Ethan Jones,30,Finance,39435
41,Charlie Martinez,46,IT,67208
377,John Miller,58,HR,79841
855,George Miller,42,Operations,78777
692,Ethan Garcia,42,Marketing,73934
678,Alice Martinez,49,Sales,93646
946,George Johnson,51,Finance,93370
605,Fiona Brown,37,Marketing,35926
644,George Davis,30,HR,35110
1060,Diana Johnson,50,IT,57208
717,Alice Williams,58,Marketing,113930
409,Ethan Miller,37,IT,56715
127,Ethan Rodriguez,36,IT,76881
341,John Williams,38,Sales,67685
507,,58,IT,58270
854,Jane Rodriguez,43,HR,100202
54,Diana Johnson,61,HR,47087
370,George Miller,46,IT,90545
657,Hannah Garcia,31,Finance,89796
733,Bob Brown,54,Finance,91330
176,John Smith,53,Finance,61401
878,Hannah Brown,36,Sales,36823
618,Alice Martinez,22,HR,51727
46,George Smith,41,Marketing,77055
237,Jane Miller,52,Sales,100587
712,Hannah Smith,51,IT,89792
968,George Smith,36,Finance,62994
981,Hannah Rodriguez,28,Marketing,73732
83,Charlie Smith,46,HR,113360
1439,Jane Brown,57,Sales,52420
137,Charlie Miller,58,Sales,61010
7,Hannah Garcia,60,Sales,119393
68,Bob Davis,36,Operations,94965
301,Jane Garcia,54,Finance,94977
449,Charlie Smith,45,IT,58380
284,Charlie Smith,29,Marketing,40699
25,John Davis,33,Finance,40225
831,Ethan Miller,34,Finance,48474
610,Diana Rodriguez,56,Marketing,71321
999,Jane Brown,23,Finance,100969
709,John Johnson,33,Sales,51621
662,Charlie Brown,39,Finance,67804
967,Ethan Jones,44,IT,118708
79,John Davis,62,HR,39108
266,Charlie Garcia,56,Sales,76479
744,Jane Rodriguez,31,IT,56201
811,Alice Garcia,35,Operations,117896
865,Jane Jones,24,Finance,93870
781,Diana Johnson,22,IT,79733
413,Alice Martinez,50,IT,106373
258,Jane Brown,54,Operations,40526
508,John Davis,33,IT,108815
792,Diana Johnson,43,IT,60682
861,Charlie Garcia,51,Finance,93878
929,Charlie Brown,26,IT,109473
984,Alice Martinez,36,HR,76037
917,Jane Williams,22,Operations,109057
352,Jane Rodriguez,45,Finance,46920
481,George Martinez,47,Sales,52614
881,George Garcia,59,Marketing,59118
800,Fiona Rodriguez,56,Operations,107465
134,Fiona Jones,53,Operations,72652
309,Hannah Brown,49,Operations,42329
414,George Williams,24,Sales,99252
1403,Diana Brown,22,HR,72468
961,Diana Garcia,60,Marketing,46154
596,Bob Garcia,24,HR,97260
771,Jane Jones,53,Finance,30162
108,Bob Garcia,45,IT,56966
148,Jane Williams,49,Marketing,102588
1040,Bob Jones,25,HR,72823
20,John Brown,51,Finance,108131
230,John Johnson,39,IT,61367
495,Ethan Brown,58,Finance,40142
758,Diana Johnson,52,Operations,37736
219,Bob Jones,40,Marketing,68467
295,Ethan Johnson,29,Marketing,114416
439,Jane Brown,57,Sales,52420
1531,Diana Garcia,40,HR,117527
819,Alice Williams,36,Marketing,59300
166,Diana Smith,60,HR,95429
586,Hannah Brown,60,IT,85731
636,Alice Johnson,29,Marketing,93437
821,Jane Martinez,58,Marketing,118553
208,Charlie Miller,43,HR,47727
345,Ethan Miller,64,Operations,65298
98,Charlie Smith,60,Finance,34760
387,Charlie Davis,61,HR,58141
583,Fiona Brown,31,Sales,115457
204,Bob Martinez,45,Sales,57213
689,John Garcia,31,IT,51817
731,Charlie Martinez,55,Marketing,114530
425,Alice Johnson,26,Operations,90428
468,George Smith,31,Marketing,81431
1680,Hannah Jones,26,Finance,58731
82,Ethan Martinez,22,Sales,61324
883,Bob Davis,36,Marketing,52263
790,George Jones,30,Sales,77299
412,Alice Miller,43,Operations,39956
325,Diana Smith,24,IT,36721
570,Diana Smith,29,Finance,45997
518,George Miller,43,HR,56189
322,Alice Williams,53,Sales,103800
17,Jane Brown,43,HR,69062
931,Jane Garcia,32,HR,34135
669,Hannah Miller,48,HR,46087
574,Bob Martinez,28,Sales,112566
218,Hannah Johnson,57,Sales,90946
392,,40,Marketing,76851
795,John Jones,38,HR,78330
361,Ethan Miller,33,Operations,63613
714,John Rodriguez,38,HR,64051
338,Bob Jones,63,Finance,35901
29,Charlie Williams,63,Operations,78320
404,George Smith,55,Finance,62371
760,George Jones,37,Operations,97155
882,Fiona Garcia,23,Operations,111816
859,Jane Williams,51,Sales,40800
1161,John Martinez,22,Operations,72668
774,Fiona Brown,26,Marketing,103997
526,Bob Martinez,30,IT,76857
215,Charlie Williams,50,Operations,92438
591,,49,Operations,50567
979,Alice Smith,27,Finance,56475
694,John Jones,30,Sales,87775
1367,Bob Johnson,53,Operations,48268
880,Ethan Smith,51,Marketing,69961
289,Alice Rodriguez,33,Marketing,35782
824,Charlie Williams,60,Finance,49446
679,John Williams,38,Sales,90603
559,Ethan Rodriguez,34,Sales,114080
450,Hannah Davis,37,Operations,56035
197,John Rodriguez,53,Finance,98388
921,Diana Williams,30,Operations,107067
19,Charlie Johnson,45,Finance,62556
903,Hannah Garcia,34,Sales,79159
50,George Williams,56,Sales,56984
318,George Miller,52,Finance,103861
33,Fiona Davis,24,HR,85409
59,George Rodriguez,25,Operations,102460
118,Charlie Miller,35,Marketing,89182
69,Jane Smith,29,Marketing,66321
569,John Smith,40,HR,58044
517,Alice Davis,46,HR,36979
97,Alice Johnson,63,Finance,31177
401,John Smith,33,Marketing,87009
140,Bob Brown,36,Finance,42289
839,John Brown,57,Marketing,108021
331,Diana Williams,61,IT,78895
565,George Rodriguez,26,Sales,67643
126,Alice Jones,30,IT,67650
12,Ethan Davis,45,Sales,36570
113,Bob Smith,48,Marketing,88348
124,Alice Martinez,60,Marketing,75379
464,Diana Johnson,24,Operations,72080
500,Alice Rodriguez,57,IT,87906
210,Jane Garcia,37,Marketing,95108
179,Ethan Brown,62,Marketing,85826
595,Hannah Williams,22,Sales,57044
784,Hannah Jones,33,Marketing,89063
626,,37,IT,106865
451,Ethan Williams,23,IT,60620
375,Ethan Jones,36,Sales,72913
950,Bob Brown,26,Operations,61852
519,Hannah Rodriguez,34,Operations,72600
887,Jane Brown,26,Finance,53648
939,John Miller,43,Finance,97843
376,Diana Johnson,64,HR,85677
514,Alice Brown,51,Finance,82161
151,John Davis,27,Operations,119022
428,Hannah Smith,47,Sales,86532
858,Charlie Martinez,25,Operations,89634
95,Jane Jones,54,Finance,61348
660,Hannah Davis,54,Marketing,91627
89,George Rodriguez,45,Finance,90233
458,Charlie Johnson,56,HR,33191
555,Diana Smith,31,HR,44291
592,Jane Garcia,29,Marketing,59739
716,Diana Smith,36,Finance,60447
659,Ethan Johnson,26,Sales,94429
483,Alice Johnson,47,IT,100476
832,Hannah Williams,41,IT,76760
240,John Davis,56,Operations,66378
525,Alice Garcia,33,Sales,87713
390,Ethan Davis,63,HR,53291
336,John Brown,23,HR,59984
1381,Diana Martinez,60,Operations,89474
453,Hannah Davis,53,Sales,85316
193,Alice Brown,22,IT,110532
339,Ethan Smith,23,Finance,61552
168,Diana Davis,29,IT,64068
315,Fiona Jones,58,Finance,75033
728,Hannah Martinez,51,Sales,65525
759,Bob Miller,32,HR,37710
701,Jane Smith,55,Sales,31651
674,Ethan Rodriguez,56,IT,41005
270,John Davis,50,Finance,111437
801,George Garcia,36,HR,32539
1462,Hannah Martinez,58,IT,33631
78,Charlie Brown,46,IT,57723
488,Bob Jones,32,Sales,58082
419,George Rodriguez,43,Marketing,119818
43,Alice Miller,30,Marketing,60659
851,Fiona Miller,27,Sales,104071
369,Charlie Miller,43,HR,116269
452,George Davis,49,Finance,49877
128,John Brown,36,Sales,76413
544,Alice Garcia,35,IT,56806
100,Hannah Garcia,49,Finance,51636
898,Jane Smith,35,HR,62658
474,Bob Garcia,23,Sales,103616
849,Hannah Miller,47,Sales,42924
65,Jane Rodriguez,57,Sales,59165
192,Ethan Davis,54,HR,47014
183,Fiona Jones,24,Operations,66041
109,George Jones,58,Sales,111709
175,Jane Martinez,36,Sales,105388
76,Charlie Jones,45,IT,33726
561,Hannah Davis,63,Sales,107794
575,George Rodriguez,46,IT,44571
337,Diana Brown,48,IT,103822
973,Alice Johnson,23,IT,30645
245,,22,HR,103794
308,John Miller,38,Operations,91929
340,George Davis,47,HR,61055
262,George Miller,57,IT,30207
582,Ethan Brown,48,IT,78908
141,George Miller,64,HR,74976
73,Jane Jones,42,Operations,33712
477,John Johnson,38,Operations,86492
990,John Johnson,57,IT,66116
763,Charlie Miller,61,Sales,75603
418,Jane Johnson,58,HR,93037
593,Jane Rodriguez,62,Sales,87804
313,Bob Jones,56,Marketing,106957
638,Bob Smith,49,Marketing,49873
988,Bob Johnson,60,HR,89165
167,George Brown,27,Sales,53669
378,Jane Jones,54,IT,76332
407,Fiona Garcia,61,HR,81196
1,Diana Miller,60,Sales,55611
198,Alice Garcia,27,Marketing,46014
891,Charlie Rodriguez,40,Sales,51253
423,Charlie Jones,26,HR,54022
96,Ethan Johnson,26,IT,94732
783,Alice Miller,62,HR,35347
104,Fiona Williams,33,Marketing,57598
194,John Garcia,40,Sales,79104
88,Jane Miller,29,HR,106743
895,Fiona Smith,33,HR,118664
489,,50,Operations,119570
81,Fiona Williams,36,IT,65643
804,Hannah Garcia,47,HR,50644
563,Fiona Davis,48,IT,78758
729,Alice Miller,36,Marketing,83072
191,Hannah Martinez,53,HR,47633
833,Diana Miller,46,Marketing,85718
935,Fiona Miller,56,IT,95031
102,Ethan Rodriguez,30,Operations,83551
955,Ethan Martinez,46,Operations,63691
635,George Smith,47,Marketing,56832
153,Charlie Davis,49,Finance,78368
111,George Garcia,61,Operations,56987
436,George Davis,44,IT,100331
560,Charlie Rodriguez,61,Marketing,91332
1097,Alice Johnson,63,Finance,31177
785,Diana Garcia,47,IT,32643
505,George Brown,44,Sales,77241
726,Ethan Williams,55,Marketing,84220
10,John Smith,32,Marketing,86503
480,Charlie Smith,50,Operations,93936
651,Bob Smith,56,HR,96549
521,John Rodriguez,57,Finance,108040
993,Fiona Rodriguez,54,Sales,89042
767,John Johnson,53,Operations,104603
162,John Jones,48,HR,43673
443,Fiona Brown,40,IT,55121
32,Fiona Smith,36,Operations,118009
202,Charlie Rodriguez,38,HR,87993
799,Charlie Garcia,29,HR,80601
571,Diana Williams,22,HR,109751
272,John Miller,39,Operations,85922
753,Diana Johnson,64,Finance,72821
1197,John Rodriguez,53,Finance,98388
310,Fiona Garcia,51,Sales,55169
213,Diana Smith,27,Sales,61910
22,Fiona Brown,23,Marketing,73753
504,George Rodriguez,45,Sales,35439
528,Ethan Davis,49,Marketing,115667
551,Hannah Garcia,32,Operations,79145
740,Bob Brown,50,Operations,52436
886,Hannah Martinez,47,IT,72951
47,Fiona Rodriguez,49,Marketing,49508
379,Hannah Davis,29,HR,55032
496,John Brown,30,HR,78355
382,Hannah Garcia,25,HR,74936
185,Jane Davis,38,Marketing,95681
206,Charlie Miller,55,Finance,37421
1770,John Martinez,50,Operations,104971
411,Alice Davis,26,Sales,61174
1242,Fiona Jones,37,Finance,44484
537,Hannah Davis,42,Sales,90703
869,Hannah Davis,57,Operations,60933
702,Hannah Davis,49,Finance,80288
542,Ethan Johnson,63,Marketing,88279
306,Alice Miller,25,Operations,100971
826,Ethan Johnson,60,Marketing,92032
343,Ethan Garcia,54,Marketing,44716
909,Jane Garcia,26,IT,37239
169,Bob Martinez,48,IT,118789
751,John Davis,23,Sales,98920
420,Fiona Davis,50,Operations,36548
511,John Jones,46,HR,47630
38,Fiona Davis,60,Sales,95838
844,Diana Rodriguez,40,Finance,44357
964,Charlie Miller,53,Operations,85426
815,Fiona Miller,64,IT,111912
342,Bob Martinez,61,Marketing,103965
691,Charlie Davis,38,Marketing,43428
384,Alice Davis,53,Sales,91588
515,Ethan Johnson,38,HR,107360
212,Alice Miller,30,Sales,118700
317,Fiona Garcia,50,Marketing,103165
85,John Smith,30,Finance,52443
934,Jane Martinez,33,Finance,119087
1244,Bob Martinez,23,Marketing,64503
391,Ethan Smith,51,Operations,71568
680,Hannah Jones,26,Finance,58731
650,Charlie Miller,34,HR,48313
1986,Alice Smith,54,Sales,30587
357,George Garcia,22,HR,37967
326,Jane Miller,39,HR,86154
566,Charlie Martinez,50,Operations,80408
1058,Bob Garcia,63,Sales,117128
761,Jane Jones,29,Operations,43975
509,Diana Williams,34,Finance,69279
825,Charlie Rodriguez,38,Marketing,32336
681,Diana Smith,52,Marketing,98926
830,George Garcia,38,HR,53481
1000,George Johnson,31,Operations,63866
254,Charlie Davis,37,Sales,74843
863,Jane Davis,45,Marketing,42819
581,Alice Jones,60,Finance,53387
877,John Brown,25,Marketing,57624
279,Jane Brown,25,HR,43395
1180,Jane Brown,33,HR,66451
248,George Martinez,58,Sales,35249
181,Ethan Johnson,60,Finance,37227
471,,34,HR,81399
433,Hannah Rodriguez,54,Marketing,30163
953,John Garcia,47,HR,86481
290,George Garcia,43,Operations,118177
835,Bob Johnson,31,Operations,75232
4,George Smith,64,IT,31239
1502,Alice Rodriguez,60,Finance,59956
1725,Fiona Johnson,59,HR,76850
536,Jane Johnson,46,Marketing,39503
989,Fiona Jones,48,Sales,99615
994,John Martinez,58,Sales,48099
164,George Martinez,62,IT,118204
189,Ethan Garcia,44,Sales,94174
959,John Davis,61,Marketing,38438
40,Bob Jones,25,HR,72823
283,Ethan Davis,41,Sales,106559
280,,54,Sales,115957
367,Bob Johnson,53,Operations,48268
707,Bob Martinez,55,Operations,46184
897,John Williams,47,Operations,109025
421,John Johnson,35,HR,103294
995,Diana Williams,48,Finance,75096
271,John Johnson,39,IT,102982
890,Alice Miller,25,HR,48658
836,Ethan Smith,24,Finance,116544
475,George Jones,56,Finance,37099
924,Jane Garcia,45,Operations,67711
615,Fiona Williams,35,IT,112368
112,John Garcia,43,HR,108714
553,Diana Rodriguez,33,Sales,107811
221,John Miller,24,Marketing,63893
628,Charlie Smith,59,Marketing,97695
754,Ethan Garcia,64,Sales,43493
84,Hannah Johnson,28,IT,38927
874,John Jones,41,Sales,44939
791,John Garcia,47,Operations,47073
132,Diana Miller,53,Finance,87716
462,Hannah Martinez,58,IT,33631
405,Alice Martinez,53,Sales,87022
552,Charlie Smith,39,Finance,107425
154,Diana Williams,41,Marketing,104172
327,George Brown,46,HR,50609
199,Charlie Brown,53,Sales,63755
700,Charlie Smith,53,IT,63937
403,Diana Brown,22,HR,72468
282,Charlie Johnson,42,HR,34895
588,Alice Davis,34,HR,78689
99,Ethan Johnson,62,Marketing,62779
661,Alice Smith,22,Sales,63848
947,Hannah Martinez,56,HR,110685
