ID,Name,Age,Department,Salary,Department_Finance,Department_HR,Department_IT,Department_Marketing,Department_Operations,Department_Sales
497,Charlie Martinez,45,IT,39866,0.0,0.0,1.0,0.0,0.0,0.0
395,Diana Smith,49,Finance,73108,1.0,0.0,0.0,0.0,0.0,0.0
590,Diana Davis,41,Finance,76486,1.0,0.0,0.0,0.0,0.0,0.0
918,Charlie Jones,58,HR,36971,0.0,1.0,0.0,0.0,0.0,0.0
654,George Rodriguez,26,Marketing,103445,0.0,0.0,0.0,1.0,0.0,0.0
562,Ethan Jones,30,Sales,60841,0.0,0.0,0.0,0.0,0.0,1.0
852,Diana Miller,58,Finance,87326,1.0,0.0,0.0,0.0,0.0,0.0
1474,Bob Garcia,23,Sales,103616,0.0,0.0,0.0,0.0,0.0,1.0
397,Fiona Brown,58,IT,64171,0.0,0.0,1.0,0.0,0.0,0.0
556,Diana Rodriguez,38,Operations,76804,0.0,0.0,0.0,0.0,1.0,0.0
35,Bob Rodriguez,28,Finance,111040,1.0,0.0,0.0,0.0,0.0,0.0
965,Fiona Rodriguez,59,Marketing,56819,0.0,0.0,0.0,1.0,0.0,0.0
438,George Williams,26,Operations,34798,0.0,0.0,0.0,0.0,1.0,0.0
706,Alice Brown,47,Marketing,105054,0.0,0.0,0.0,1.0,0.0,0.0
440,Diana Garcia,55,Marketing,59300,0.0,0.0,0.0,1.0,0.0,0.0
238,Ethan Miller,51,IT,40756,0.0,0.0,1.0,0.0,0.0,0.0
540,Bob Davis,37,IT,46905,0.0,0.0,1.0,0.0,0.0,0.0
927,Bob Miller,51,Sales,95794,0.0,0.0,0.0,0.0,0.0,1.0
498,Fiona Brown,56,HR,100067,0.0,1.0,0.0,0.0,0.0,0.0
351,Hannah Williams,46,Marketing,47347,0.0,0.0,0.0,1.0,0.0,0.0
80,Fiona Martinez,50,Marketing,107714,0.0,0.0,0.0,1.0,0.0,0.0
942,John Brown,32,IT,85661,0.0,0.0,1.0,0.0,0.0,0.0
470,George Williams,50,Finance,118789,1.0,0.0,0.0,0.0,0.0,0.0
614,Diana Jones,62,Finance,79666,1.0,0.0,0.0,0.0,0.0,0.0
381,Diana Martinez,60,Operations,89474,0.0,0.0,0.0,0.0,1.0,0.0
456,Bob Martinez,45,HR,60911,0.0,1.0,0.0,0.0,0.0,0.0
584,Charlie Williams,47,Finance,43057,1.0,0.0,0.0,0.0,0.0,0.0
862,Alice Miller,52,Finance,48708,1.0,0.0,0.0,0.0,0.0,0.0
647,Alice Rodriguez,34,Operations,53762,0.0,0.0,0.0,0.0,1.0,0.0
873,John Brown,23,Operations,48133,0.0,0.0,0.0,0.0,1.0,0.0
936,Fiona Martinez,56,IT,63380,0.0,0.0,1.0,0.0,0.0,0.0
225,Jane Garcia,28,IT,84253,0.0,0.0,1.0,0.0,0.0,0.0
200,Fiona Johnson,25,Marketing,70390,0.0,0.0,0.0,1.0,0.0,0.0
430,Diana Martinez,42,Finance,77076,1.0,0.0,0.0,0.0,0.0,0.0
670,,34,Operations,78868,0.0,0.0,0.0,0.0,1.0,0.0
216,George Martinez,24,IT,59371,0.0,0.0,1.0,0.0,0.0,0.0
998,Alice Garcia,43,IT,59009,0.0,0.0,1.0,0.0,0.0,0.0
788,Hannah Brown,47,IT,80026,0.0,0.0,1.0,0.0,0.0,0.0
157,Diana Jones,49,Finance,42149,1.0,0.0,0.0,0.0,0.0,0.0
454,George Davis,48,Operations,94041,0.0,0.0,0.0,0.0,1.0,0.0
1963,John Garcia,35,IT,39752,0.0,0.0,1.0,0.0,0.0,0.0
491,Alice Brown,46,Finance,113588,1.0,0.0,0.0,0.0,0.0,0.0
902,Ethan Williams,57,Operations,91001,0.0,0.0,0.0,0.0,1.0,0.0
427,Hannah Miller,37,Sales,89353,0.0,0.0,0.0,0.0,0.0,1.0
106,John Brown,54,Sales,76819,0.0,0.0,0.0,0.0,0.0,1.0
190,Charlie Miller,58,Operations,56160,0.0,0.0,0.0,0.0,1.0,0.0
293,Ethan Smith,59,Finance,60682,1.0,0.0,0.0,0.0,0.0,0.0
469,Charlie Jones,64,Marketing,58602,0.0,0.0,0.0,1.0,0.0,0.0
531,Diana Garcia,40,HR,117527,0.0,1.0,0.0,0.0,0.0,0.0
396,George Miller,47,HR,96918,0.0,1.0,0.0,0.0,0.0,0.0
925,,59,Operations,36530,0.0,0.0,0.0,0.0,1.0,0.0
1617,Diana Johnson,52,IT,92946,0.0,0.0,1.0,0.0,0.0,0.0
1631,Fiona Rodriguez,49,Sales,77701,0.0,0.0,0.0,0.0,0.0,1.0
9,Alice Davis,44,Sales,45398,0.0,0.0,0.0,0.0,0.0,1.0
693,Charlie Miller,35,Sales,40258,0.0,0.0,0.0,0.0,0.0,1.0
1920,Alice Williams,38,Sales,115445,0.0,0.0,0.0,0.0,0.0,1.0
67,George Miller,52,HR,34114,0.0,1.0,0.0,0.0,0.0,0.0
884,Fiona Williams,32,Marketing,43565,0.0,0.0,0.0,1.0,0.0,0.0
249,Alice Jones,53,HR,49201,0.0,1.0,0.0,0.0,0.0,0.0
365,Diana Brown,55,Sales,65262,0.0,0.0,0.0,0.0,0.0,1.0
160,Charlie Smith,54,Finance,101031,1.0,0.0,0.0,0.0,0.0,0.0
686,John Jones,58,Finance,72092,1.0,0.0,0.0,0.0,0.0,0.0
708,Jane Williams,24,HR,63787,0.0,1.0,0.0,0.0,0.0,0.0
893,Fiona Smith,54,Marketing,78563,0.0,0.0,0.0,1.0,0.0,0.0
243,Bob Davis,47,Operations,86549,0.0,0.0,0.0,0.0,1.0,0.0
516,Charlie Rodriguez,41,Finance,80979,1.0,0.0,0.0,0.0,0.0,0.0
543,Ethan Garcia,60,HR,119489,0.0,1.0,0.0,0.0,0.0,0.0
358,Hannah Garcia,29,IT,41871,0.0,0.0,1.0,0.0,0.0,0.0
24,Jane Rodriguez,54,Finance,34470,1.0,0.0,0.0,0.0,0.0,0.0
281,Alice Williams,35,IT,86273,0.0,0.0,1.0,0.0,0.0,0.0
639,Ethan Smith,58,Finance,70372,1.0,0.0,0.0,0.0,0.0,0.0
324,Diana Miller,54,HR,54226,0.0,1.0,0.0,0.0,0.0,0.0
576,Hannah Davis,25,Operations,87941,0.0,0.0,0.0,0.0,1.0,0.0
145,Bob Smith,53,HR,74139,0.0,1.0,0.0,0.0,0.0,0.0
676,Alice Miller,42,Sales,46029,0.0,0.0,0.0,0.0,0.0,1.0
738,Ethan Martinez,38,Operations,92812,0.0,0.0,0.0,0.0,1.0,0.0
31,Charlie Jones,37,Operations,45577,0.0,0.0,0.0,0.0,1.0,0.0
720,Jane Johnson,23,IT,87418,0.0,0.0,1.0,0.0,0.0,0.0
695,John Smith,22,Sales,111580,0.0,0.0,0.0,0.0,0.0,1.0
273,John Martinez,23,Finance,78231,1.0,0.0,0.0,0.0,0.0,0.0
663,Hannah Jones,53,IT,45379,0.0,0.0,1.0,0.0,0.0,0.0
276,Fiona Johnson,62,Sales,71323,0.0,0.0,0.0,0.0,0.0,1.0
158,John Williams,46,HR,89189,0.0,1.0,0.0,0.0,0.0,0.0
263,George Miller,59,Operations,118733,0.0,0.0,0.0,0.0,1.0,0.0
393,Hannah Miller,38,Finance,84823,1.0,0.0,0.0,0.0,0.0,0.0
383,George Martinez,27,Operations,59794,0.0,0.0,0.0,0.0,1.0,0.0
349,John Johnson,47,Finance,101308,1.0,0.0,0.0,0.0,0.0,0.0
228,Alice Johnson,61,Finance,44210,1.0,0.0,0.0,0.0,0.0,0.0
627,Ethan Jones,29,HR,61656,0.0,1.0,0.0,0.0,0.0,0.0
1530,Fiona Johnson,52,Sales,35978,0.0,0.0,0.0,0.0,0.0,1.0
422,Fiona Smith,49,Finance,53177,1.0,0.0,0.0,0.0,0.0,0.0
130,Ethan Smith,63,Finance,80115,1.0,0.0,0.0,0.0,0.0,0.0
746,Jane Williams,41,IT,59309,0.0,0.0,1.0,0.0,0.0,0.0
513,Alice Rodriguez,62,Sales,65144,0.0,0.0,0.0,0.0,0.0,1.0
803,Fiona Williams,35,HR,100968,0.0,1.0,0.0,0.0,0.0,0.0
757,John Williams,37,HR,67051,0.0,1.0,0.0,0.0,0.0,0.0
23,George Jones,42,HR,112811,0.0,1.0,0.0,0.0,0.0,0.0
688,Diana Garcia,31,Finance,96077,1.0,0.0,0.0,0.0,0.0,0.0
105,John Johnson,55,Operations,41563,0.0,0.0,0.0,0.0,1.0,0.0
72,Bob Martinez,61,IT,47772,0.0,0.0,1.0,0.0,0.0,0.0
698,Bob Johnson,22,Operations,36256,0.0,0.0,0.0,0.0,1.0,0.0
864,Diana Miller,30,HR,104905,0.0,1.0,0.0,0.0,0.0,0.0
926,Fiona Davis,56,Marketing,41116,0.0,0.0,0.0,1.0,0.0,0.0
991,Hannah Jones,50,Finance,115751,1.0,0.0,0.0,0.0,0.0,0.0
101,Diana Brown,28,Finance,111889,1.0,0.0,0.0,0.0,0.0,0.0
15,Diana Williams,45,Marketing,109141,0.0,0.0,0.0,1.0,0.0,0.0
802,Hannah Brown,43,HR,52669,0.0,1.0,0.0,0.0,0.0,0.0
359,Jane Brown,37,IT,107452,0.0,0.0,1.0,0.0,0.0,0.0
922,Fiona Brown,32,Sales,110257,0.0,0.0,0.0,0.0,0.0,1.0
180,Jane Brown,33,HR,66451,0.0,1.0,0.0,0.0,0.0,0.0
911,,31,HR,51384,0.0,1.0,0.0,0.0,0.0,0.0
373,John Brown,63,HR,69922,0.0,1.0,0.0,0.0,0.0,0.0
894,Hannah Garcia,41,HR,56390,0.0,1.0,0.0,0.0,0.0,0.0
34,Ethan Miller,58,Operations,58625,0.0,0.0,0.0,0.0,1.0,0.0
58,Bob Garcia,63,Sales,117128,0.0,0.0,0.0,0.0,0.0,1.0
843,Alice Johnson,61,Sales,113457,0.0,0.0,0.0,0.0,0.0,1.0
604,Charlie Brown,42,HR,59725,0.0,1.0,0.0,0.0,0.0,0.0
394,George Brown,40,HR,53312,0.0,1.0,0.0,0.0,0.0,0.0
739,Ethan Davis,26,IT,37999,0.0,0.0,1.0,0.0,0.0,0.0
523,Hannah Jones,62,Operations,116205,0.0,0.0,0.0,0.0,1.0,0.0
764,Jane Johnson,25,IT,53252,0.0,0.0,1.0,0.0,0.0,0.0
579,Charlie Jones,52,IT,88712,0.0,0.0,1.0,0.0,0.0,0.0
648,Alice Miller,49,HR,112617,0.0,1.0,0.0,0.0,0.0,0.0
625,Diana Williams,53,HR,55498,0.0,1.0,0.0,0.0,0.0,0.0
42,George Smith,35,IT,84061,0.0,0.0,1.0,0.0,0.0,0.0
259,Ethan Miller,45,HR,98910,0.0,1.0,0.0,0.0,0.0,0.0
545,Charlie Smith,52,IT,75000,0.0,0.0,1.0,0.0,0.0,0.0
374,George Miller,27,IT,109364,0.0,0.0,1.0,0.0,0.0,0.0
437,Fiona Smith,31,Sales,40634,0.0,0.0,0.0,0.0,0.0,1.0
350,Hannah Davis,56,Sales,78244,0.0,0.0,0.0,0.0,0.0,1.0
53,Jane Jones,57,Marketing,99569,0.0,0.0,0.0,1.0,0.0,0.0
371,Hannah Martinez,43,Marketing,102146,0.0,0.0,0.0,1.0,0.0,0.0
846,George Garcia,62,Finance,95633,1.0,0.0,0.0,0.0,0.0,0.0
229,Hannah Johnson,60,Operations,46456,0.0,0.0,0.0,0.0,1.0,0.0
541,John Jones,60,HR,75838,0.0,1.0,0.0,0.0,0.0,0.0
982,Ethan Miller,29,HR,111623,0.0,1.0,0.0,0.0,0.0,0.0
231,George Smith,61,HR,84624,0.0,1.0,0.0,0.0,0.0,0.0
1998,Alice Garcia,43,IT,59009,0.0,0.0,1.0,0.0,0.0,0.0
227,Ethan Jones,54,Operations,103379,0.0,0.0,0.0,0.0,1.0,0.0
977,John Brown,60,Operations,117489,0.0,0.0,0.0,0.0,1.0,0.0
502,Alice Rodriguez,60,Finance,59956,1.0,0.0,0.0,0.0,0.0,0.0
1723,Ethan Johnson,59,Finance,38329,1.0,0.0,0.0,0.0,0.0,0.0
762,Diana Davis,25,Finance,92424,1.0,0.0,0.0,0.0,0.0,0.0
473,Fiona Jones,52,Sales,79230,0.0,0.0,0.0,0.0,0.0,1.0
316,Hannah Williams,45,Finance,93133,1.0,0.0,0.0,0.0,0.0,0.0
840,Bob Miller,43,Marketing,99184,0.0,0.0,0.0,1.0,0.0,0.0
408,Jane Martinez,22,Marketing,110354,0.0,0.0,0.0,1.0,0.0,0.0
778,Hannah Williams,43,Operations,39833,0.0,0.0,0.0,0.0,1.0,0.0
718,Diana Miller,42,Operations,60254,0.0,0.0,0.0,0.0,1.0,0.0
796,Diana Williams,47,Operations,96707,0.0,0.0,0.0,0.0,1.0,0.0
244,Bob Martinez,23,Marketing,64503,0.0,0.0,0.0,1.0,0.0,0.0
624,Jane Rodriguez,31,Operations,109578,0.0,0.0,0.0,0.0,1.0,0.0
810,Hannah Martinez,47,Finance,87714,1.0,0.0,0.0,0.0,0.0,0.0
184,Ethan Garcia,58,Finance,118920,1.0,0.0,0.0,0.0,0.0,0.0
876,Hannah Davis,32,Sales,86700,0.0,0.0,0.0,0.0,0.0,1.0
721,Hannah Brown,32,Sales,44472,0.0,0.0,0.0,0.0,0.0,1.0
642,Alice Jones,48,Operations,66751,0.0,0.0,0.0,0.0,1.0,0.0
26,Bob Jones,43,Sales,53196,0.0,0.0,0.0,0.0,0.0,1.0
36,Fiona Garcia,42,Marketing,54089,0.0,0.0,0.0,1.0,0.0,0.0
928,Ethan Johnson,52,Operations,30282,0.0,0.0,0.0,0.0,1.0,0.0
37,Charlie Miller,30,HR,66487,0.0,1.0,0.0,0.0,0.0,0.0
66,George Brown,35,Sales,97203,0.0,0.0,0.0,0.0,0.0,1.0
13,Ethan Johnson,57,Sales,98785,0.0,0.0,0.0,0.0,0.0,1.0
506,Jane Rodriguez,53,Operations,72533,0.0,0.0,0.0,0.0,1.0,0.0
90,Bob Brown,32,Operations,55537,0.0,0.0,0.0,0.0,1.0,0.0
307,Jane Smith,56,HR,94612,0.0,1.0,0.0,0.0,0.0,0.0
131,Hannah Miller,34,Finance,37151,1.0,0.0,0.0,0.0,0.0,0.0
829,Ethan Smith,46,Operations,101707,0.0,0.0,0.0,0.0,1.0,0.0
297,Ethan Jones,48,HR,68067,0.0,1.0,0.0,0.0,0.0,0.0
730,Bob Rodriguez,48,Sales,113820,0.0,0.0,0.0,0.0,0.0,1.0
970,John Rodriguez,46,Sales,107275,0.0,0.0,0.0,0.0,0.0,1.0
845,Charlie Garcia,63,HR,98673,0.0,1.0,0.0,0.0,0.0,0.0
656,Alice Davis,23,Finance,32023,1.0,0.0,0.0,0.0,0.0,0.0
402,Diana Smith,22,Sales,45422,0.0,0.0,0.0,0.0,0.0,1.0
119,Charlie Miller,24,IT,117163,0.0,0.0,1.0,0.0,0.0,0.0
640,George Martinez,62,IT,119464,0.0,0.0,1.0,0.0,0.0,0.0
1458,Charlie Johnson,56,HR,33191,0.0,1.0,0.0,0.0,0.0,0.0
722,Jane Rodriguez,60,Sales,33471,0.0,0.0,0.0,0.0,0.0,1.0
287,Diana Rodriguez,38,Operations,49169,0.0,0.0,0.0,0.0,1.0,0.0
142,Alice Brown,50,IT,73596,0.0,0.0,1.0,0.0,0.0,0.0
174,Alice Brown,45,IT,106153,0.0,0.0,1.0,0.0,0.0,0.0
608,Bob Smith,58,Sales,59806,0.0,0.0,0.0,0.0,0.0,1.0
621,Fiona Miller,44,Finance,64196,1.0,0.0,0.0,0.0,0.0,0.0
356,Bob Jones,41,IT,119099,0.0,0.0,1.0,0.0,0.0,0.0
1941,Ethan Miller,29,Sales,41205,0.0,0.0,0.0,0.0,0.0,1.0
697,Charlie Williams,25,Marketing,58854,0.0,0.0,0.0,1.0,0.0,0.0
1649,Jane Williams,50,Finance,39596,1.0,0.0,0.0,0.0,0.0,0.0
710,Bob Jones,22,Finance,105564,1.0,0.0,0.0,0.0,0.0,0.0
346,Jane Davis,60,Operations,81112,0.0,0.0,0.0,0.0,1.0,0.0
986,Alice Smith,54,Sales,30587,0.0,0.0,0.0,0.0,0.0,1.0
671,Alice Martinez,54,HR,53225,0.0,1.0,0.0,0.0,0.0,0.0
150,Diana Rodriguez,63,HR,33654,0.0,1.0,0.0,0.0,0.0,0.0
809,Hannah Garcia,23,Finance,48322,1.0,0.0,0.0,0.0,0.0,0.0
827,Bob Rodriguez,43,Operations,105415,0.0,0.0,0.0,0.0,1.0,0.0
223,Alice Jones,41,Operations,61007,0.0,0.0,0.0,0.0,1.0,0.0
962,Bob Davis,61,IT,38004,0.0,0.0,1.0,0.0,0.0,0.0
578,Charlie Williams,27,Marketing,116250,0.0,0.0,0.0,1.0,0.0,0.0
906,Diana Martinez,54,Sales,51800,0.0,0.0,0.0,0.0,0.0,1.0
172,John Johnson,54,Sales,67384,0.0,0.0,0.0,0.0,0.0,1.0
580,Jane Jones,40,Finance,73541,1.0,0.0,0.0,0.0,0.0,0.0
75,Diana Garcia,39,Sales,81924,0.0,0.0,0.0,0.0,0.0,1.0
288,George Johnson,54,HR,46163,0.0,1.0,0.0,0.0,0.0,0.0
813,Jane Miller,24,Operations,59055,0.0,0.0,0.0,0.0,1.0,0.0
55,George Jones,25,IT,35704,0.0,0.0,1.0,0.0,0.0,0.0
155,Bob Smith,51,IT,36441,0.0,0.0,1.0,0.0,0.0,0.0
985,Alice Brown,50,IT,39346,0.0,0.0,1.0,0.0,0.0,0.0
1703,Hannah Garcia,52,Finance,114730,1.0,0.0,0.0,0.0,0.0,0.0
630,George Garcia,45,Operations,114899,0.0,0.0,0.0,0.0,1.0,0.0
930,Ethan Brown,35,Marketing,31898,0.0,0.0,0.0,1.0,0.0,0.0
888,Diana Jones,27,IT,80729,0.0,0.0,1.0,0.0,0.0,0.0
14,Charlie Johnson,61,Marketing,39110,0.0,0.0,0.0,1.0,0.0,0.0
236,Diana Miller,44,HR,99249,0.0,1.0,0.0,0.0,0.0,0.0
848,Hannah Smith,27,Marketing,108258,0.0,0.0,0.0,1.0,0.0,0.0
652,Diana Martinez,27,Operations,53705,0.0,0.0,0.0,0.0,1.0,0.0
1696,Fiona Garcia,34,Finance,35469,1.0,0.0,0.0,0.0,0.0,0.0
805,Bob Johnson,49,Marketing,48745,0.0,0.0,0.0,1.0,0.0,0.0
951,Charlie Jones,40,HR,72870,0.0,1.0,0.0,0.0,0.0,0.0
789,Bob Davis,48,IT,45892,0.0,0.0,1.0,0.0,0.0,0.0
905,George Williams,24,Finance,63243,1.0,0.0,0.0,0.0,0.0,0.0
149,Ethan Smith,23,IT,93646,0.0,0.0,1.0,0.0,0.0,0.0
51,John Johnson,35,HR,38125,0.0,1.0,0.0,0.0,0.0,0.0
133,Charlie Williams,60,Operations,66378,0.0,0.0,0.0,0.0,1.0,0.0
334,Diana Martinez,43,Sales,93740,0.0,0.0,0.0,0.0,0.0,1.0
908,Bob Garcia,31,Sales,87828,0.0,0.0,0.0,0.0,0.0,1.0
602,Alice Davis,27,Sales,111942,0.0,0.0,0.0,0.0,0.0,1.0
298,Fiona Rodriguez,55,Sales,72685,0.0,0.0,0.0,0.0,0.0,1.0
260,,32,IT,55592,0.0,0.0,1.0,0.0,0.0,0.0
226,George Davis,62,HR,42323,0.0,1.0,0.0,0.0,0.0,0.0
958,Diana Brown,39,Sales,56170,0.0,0.0,0.0,0.0,0.0,1.0
823,Fiona Miller,31,Finance,63365,1.0,0.0,0.0,0.0,0.0,0.0
152,Charlie Martinez,49,Operations,48743,0.0,0.0,0.0,0.0,1.0,0.0
546,Hannah Williams,26,Sales,52168,0.0,0.0,0.0,0.0,0.0,1.0
1541,John Jones,60,HR,75838,0.0,1.0,0.0,0.0,0.0,0.0
368,Fiona Garcia,44,IT,107866,0.0,0.0,1.0,0.0,0.0,0.0
399,Alice Johnson,44,Finance,98828,1.0,0.0,0.0,0.0,0.0,0.0
564,Alice Davis,23,HR,106272,0.0,1.0,0.0,0.0,0.0,0.0
467,John Jones,61,IT,58671,0.0,0.0,1.0,0.0,0.0,0.0
482,Alice Jones,31,HR,71991,0.0,1.0,0.0,0.0,0.0,0.0
577,Charlie Williams,57,Finance,88005,1.0,0.0,0.0,0.0,0.0,0.0
619,John Rodriguez,24,Marketing,98056,0.0,0.0,0.0,1.0,0.0,0.0
807,Alice Rodriguez,35,Finance,64521,1.0,0.0,0.0,0.0,0.0,0.0
704,Charlie Garcia,29,IT,55051,0.0,0.0,1.0,0.0,0.0,0.0
520,Hannah Davis,40,IT,89560,0.0,0.0,1.0,0.0,0.0,0.0
773,Hannah Johnson,42,IT,49675,0.0,0.0,1.0,0.0,0.0,0.0
268,Ethan Martinez,56,Operations,69891,0.0,0.0,0.0,0.0,1.0,0.0
685,Charlie Martinez,44,Operations,79815,0.0,0.0,0.0,0.0,1.0,0.0
847,Charlie Jones,58,Operations,106943,0.0,0.0,0.0,0.0,1.0,0.0
749,Fiona Davis,55,Operations,35105,0.0,0.0,0.0,0.0,1.0,0.0
1973,Alice Johnson,23,IT,30645,0.0,0.0,1.0,0.0,0.0,0.0
125,George Williams,48,Sales,108612,0.0,0.0,0.0,0.0,0.0,1.0
976,Bob Garcia,61,Marketing,60090,0.0,0.0,0.0,1.0,0.0,0.0
919,Fiona Brown,30,Sales,59139,0.0,0.0,0.0,0.0,0.0,1.0
737,Jane Rodriguez,63,Operations,111906,0.0,0.0,0.0,0.0,1.0,0.0
987,Fiona Williams,51,Marketing,42763,0.0,0.0,0.0,1.0,0.0,0.0
1937,Jane Rodriguez,22,Marketing,47071,0.0,0.0,0.0,1.0,0.0,0.0
186,Ethan Davis,23,Marketing,111571,0.0,0.0,0.0,1.0,0.0,0.0
655,Ethan Jones,46,Marketing,108645,0.0,0.0,0.0,1.0,0.0,0.0
274,Ethan Johnson,56,HR,59301,0.0,1.0,0.0,0.0,0.0,0.0
302,Hannah Williams,49,Marketing,113362,0.0,0.0,0.0,1.0,0.0,0.0
867,George Johnson,61,Sales,60573,0.0,0.0,0.0,0.0,0.0,1.0
114,Charlie Miller,56,HR,54596,0.0,1.0,0.0,0.0,0.0,0.0
447,Hannah Jones,25,Marketing,102930,0.0,0.0,0.0,1.0,0.0,0.0
572,George Jones,43,Finance,53911,1.0,0.0,0.0,0.0,0.0,0.0
933,Bob Garcia,55,IT,115120,0.0,0.0,1.0,0.0,0.0,0.0
461,Ethan Jones,64,IT,79723,0.0,0.0,1.0,0.0,0.0,0.0
143,Bob Johnson,57,Operations,53171,0.0,0.0,0.0,0.0,1.0,0.0
291,Ethan Rodriguez,43,Finance,114328,1.0,0.0,0.0,0.0,0.0,0.0
747,Diana Davis,45,Marketing,45078,0.0,0.0,0.0,1.0,0.0,0.0
91,Fiona Jones,38,HR,107576,0.0,1.0,0.0,0.0,0.0,0.0
622,Diana Garcia,32,Operations,66735,0.0,0.0,0.0,0.0,1.0,0.0
27,Diana Jones,46,Marketing,43669,0.0,0.0,0.0,1.0,0.0,0.0
286,Bob Rodriguez,24,HR,39715,0.0,1.0,0.0,0.0,0.0,0.0
879,Alice Garcia,27,Marketing,48489,0.0,0.0,0.0,1.0,0.0,0.0
969,George Rodriguez,54,Sales,45036,0.0,0.0,0.0,0.0,0.0,1.0
776,Alice Rodriguez,49,Operations,80057,0.0,0.0,0.0,0.0,1.0,0.0
264,Hannah Miller,61,HR,98619,0.0,1.0,0.0,0.0,0.0,0.0
703,Hannah Garcia,52,Finance,114730,1.0,0.0,0.0,0.0,0.0,0.0
725,Fiona Johnson,59,HR,76850,0.0,1.0,0.0,0.0,0.0,0.0
77,Diana Brown,47,Sales,119152,0.0,0.0,0.0,0.0,0.0,1.0
400,Bob Brown,30,Marketing,42411,0.0,0.0,0.0,1.0,0.0,0.0
255,Diana Williams,24,HR,90963,0.0,1.0,0.0,0.0,0.0,0.0
920,Alice Williams,38,Sales,115445,0.0,0.0,0.0,0.0,0.0,1.0
609,Diana Smith,57,Sales,118199,0.0,0.0,0.0,0.0,0.0,1.0
56,,23,Operations,90576,0.0,0.0,0.0,0.0,1.0,0.0
217,Bob Smith,41,HR,81501,0.0,1.0,0.0,0.0,0.0,0.0
673,Fiona Brown,62,Marketing,66727,0.0,0.0,0.0,1.0,0.0,0.0
510,Diana Johnson,44,Marketing,53888,0.0,0.0,0.0,1.0,0.0,0.0
448,John Johnson,37,Sales,44056,0.0,0.0,0.0,0.0,0.0,1.0
5,Alice Smith,29,Operations,95661,0.0,0.0,0.0,0.0,1.0,0.0
696,Fiona Garcia,34,Finance,35469,1.0,0.0,0.0,0.0,0.0,0.0
163,Diana Garcia,34,Marketing,106666,0.0,0.0,0.0,1.0,0.0,0.0
834,George Brown,25,HR,74629,0.0,1.0,0.0,0.0,0.0,0.0
70,Charlie Brown,35,Operations,103297,0.0,0.0,0.0,0.0,1.0,0.0
417,John Miller,37,Sales,100017,0.0,0.0,0.0,0.0,0.0,1.0
597,Diana Rodriguez,34,IT,96912,0.0,0.0,1.0,0.0,0.0,0.0
165,Ethan Miller,24,Marketing,110758,0.0,0.0,0.0,1.0,0.0,0.0
257,Jane Johnson,45,IT,78604,0.0,0.0,1.0,0.0,0.0,0.0
28,Diana Miller,48,Finance,67380,1.0,0.0,0.0,0.0,0.0,0.0
913,George Williams,34,Operations,70846,0.0,0.0,0.0,0.0,1.0,0.0
328,Jane Martinez,63,Sales,82130,0.0,0.0,0.0,0.0,0.0,1.0
871,Fiona Davis,52,Marketing,102055,0.0,0.0,0.0,1.0,0.0,0.0
769,,48,Finance,39557,1.0,0.0,0.0,0.0,0.0,0.0
74,John Brown,37,Finance,31367,1.0,0.0,0.0,0.0,0.0,0.0
278,George Davis,54,Sales,112205,0.0,0.0,0.0,0.0,0.0,1.0
996,Charlie Miller,54,Sales,101986,0.0,0.0,0.0,0.0,0.0,1.0
110,Jane Smith,56,Finance,89889,1.0,0.0,0.0,0.0,0.0,0.0
533,Bob Garcia,26,IT,89765,0.0,0.0,1.0,0.0,0.0,0.0
1990,John Johnson,57,IT,66116,0.0,0.0,1.0,0.0,0.0,0.0
643,John Jones,38,IT,119822,0.0,0.0,1.0,0.0,0.0,0.0
567,Hannah Rodriguez,58,Sales,73950,0.0,0.0,0.0,0.0,0.0,1.0
329,Hannah Smith,52,IT,102909,0.0,0.0,1.0,0.0,0.0,0.0
672,Hannah Smith,55,Sales,36643,0.0,0.0,0.0,0.0,0.0,1.0
667,Charlie Martinez,46,HR,66060,0.0,1.0,0.0,0.0,0.0,0.0
529,Fiona Garcia,35,Operations,55227,0.0,0.0,0.0,0.0,1.0,0.0
294,Diana Johnson,59,Sales,77864,0.0,0.0,0.0,0.0,0.0,1.0
960,Alice Jones,29,Finance,50095,1.0,0.0,0.0,0.0,0.0,0.0
668,Diana Martinez,43,HR,99122,0.0,1.0,0.0,0.0,0.0,0.0
558,Diana Jones,28,Marketing,94946,0.0,0.0,0.0,1.0,0.0,0.0
896,George Miller,22,Marketing,81578,0.0,0.0,0.0,1.0,0.0,0.0
997,Charlie Garcia,25,IT,43230,0.0,0.0,1.0,0.0,0.0,0.0
178,Fiona Johnson,45,IT,64084,0.0,0.0,1.0,0.0,0.0,0.0
2,Alice Smith,50,Finance,71235,1.0,0.0,0.0,0.0,0.0,0.0
768,Hannah Brown,24,IT,67481,0.0,0.0,1.0,0.0,0.0,0.0
904,,64,Marketing,81707,0.0,0.0,0.0,1.0,0.0,0.0
612,Alice Rodriguez,41,Sales,52656,0.0,0.0,0.0,0.0,0.0,1.0
300,John Jones,51,Finance,66035,1.0,0.0,0.0,0.0,0.0,0.0
138,George Rodriguez,44,Sales,84691,0.0,0.0,0.0,0.0,0.0,1.0
415,John Rodriguez,33,HR,91949,0.0,1.0,0.0,0.0,0.0,0.0
222,Fiona Miller,40,HR,106329,0.0,1.0,0.0,0.0,0.0,0.0
94,Charlie Martinez,56,HR,65631,0.0,1.0,0.0,0.0,0.0,0.0
677,John Brown,27,IT,44226,0.0,0.0,1.0,0.0,0.0,0.0
388,Alice Brown,37,Finance,39074,1.0,0.0,0.0,0.0,0.0,0.0
892,Alice Garcia,41,HR,94166,0.0,1.0,0.0,0.0,0.0,0.0
353,Charlie Garcia,34,Finance,61822,1.0,0.0,0.0,0.0,0.0,0.0
899,Bob Johnson,59,Finance,36852,1.0,0.0,0.0,0.0,0.0,0.0
8,Jane Brown,40,Marketing,91212,0.0,0.0,0.0,1.0,0.0,0.0
16,Jane Smith,24,Sales,42115,0.0,0.0,0.0,0.0,0.0,1.0
727,Ethan Miller,39,Finance,36397,1.0,0.0,0.0,0.0,0.0,0.0
267,Alice Martinez,46,HR,50103,0.0,1.0,0.0,0.0,0.0,0.0
478,George Johnson,47,Operations,77684,0.0,0.0,0.0,0.0,1.0,0.0
653,Jane Martinez,39,Sales,97364,0.0,0.0,0.0,0.0,0.0,1.0
332,Alice Rodriguez,45,IT,35656,0.0,0.0,1.0,0.0,0.0,0.0
820,Ethan Miller,46,Operations,54259,0.0,0.0,0.0,0.0,1.0,0.0
853,Ethan Garcia,54,Marketing,60651,0.0,0.0,0.0,1.0,0.0,0.0
952,Diana Brown,35,Sales,82756,0.0,0.0,0.0,0.0,0.0,1.0
64,Ethan Garcia,31,Operations,55923,0.0,0.0,0.0,0.0,1.0,0.0
971,Bob Miller,38,Marketing,79416,0.0,0.0,0.0,1.0,0.0,0.0
772,Bob Johnson,40,IT,64742,0.0,0.0,1.0,0.0,0.0,0.0
664,Ethan Miller,32,Operations,89664,0.0,0.0,0.0,0.0,1.0,0.0
265,Ethan Johnson,41,Marketing,59328,0.0,0.0,0.0,1.0,0.0,0.0
599,George Johnson,46,HR,38894,0.0,1.0,0.0,0.0,0.0,0.0
479,Ethan Miller,29,Finance,60111,1.0,0.0,0.0,0.0,0.0,0.0
431,Fiona Smith,60,Finance,83420,1.0,0.0,0.0,0.0,0.0,0.0
828,Diana Rodriguez,47,HR,37521,0.0,1.0,0.0,0.0,0.0,0.0
44,John Johnson,47,Finance,61890,1.0,0.0,0.0,0.0,0.0,0.0
866,Charlie Garcia,52,Finance,39283,1.0,0.0,0.0,0.0,0.0,0.0
211,John Brown,54,Marketing,62117,0.0,0.0,0.0,1.0,0.0,0.0
355,,57,Sales,70108,0.0,0.0,0.0,0.0,0.0,1.0
209,Diana Brown,32,Finance,34358,1.0,0.0,0.0,0.0,0.0,0.0
441,,52,IT,119881,0.0,0.0,1.0,0.0,0.0,0.0
484,John Johnson,55,Marketing,90920,0.0,0.0,0.0,1.0,0.0,0.0
750,Alice Martinez,27,Sales,32839,0.0,0.0,0.0,0.0,0.0,1.0
983,George Smith,63,Operations,76305,0.0,0.0,0.0,0.0,1.0,0.0
472,Diana Davis,33,Sales,53472,0.0,0.0,0.0,0.0,0.0,1.0
250,Ethan Garcia,30,Sales,88576,0.0,0.0,0.0,0.0,0.0,1.0
201,John Jones,32,HR,53711,0.0,1.0,0.0,0.0,0.0,0.0
954,Diana Jones,25,Marketing,31283,0.0,0.0,0.0,1.0,0.0,0.0
1285,Jane Miller,28,Operations,95061,0.0,0.0,0.0,0.0,1.0,0.0
459,John Smith,54,Operations,63160,0.0,0.0,0.0,0.0,1.0,0.0
486,John Miller,28,Finance,66224,1.0,0.0,0.0,0.0,0.0,0.0
806,Jane Williams,44,IT,58228,0.0,0.0,1.0,0.0,0.0,0.0
159,Diana Williams,60,HR,51675,0.0,1.0,0.0,0.0,0.0,0.0
348,Ethan Johnson,63,Marketing,80200,0.0,0.0,0.0,1.0,0.0,0.0
406,John Smith,46,Finance,101229,1.0,0.0,0.0,0.0,0.0,0.0
775,Charlie Brown,39,IT,47015,0.0,0.0,1.0,0.0,0.0,0.0
386,Bob Martinez,56,Finance,80331,1.0,0.0,0.0,0.0,0.0,0.0
633,Ethan Williams,49,Operations,40805,0.0,0.0,0.0,0.0,1.0,0.0
347,George Smith,50,HR,53429,0.0,1.0,0.0,0.0,0.0,0.0
1110,Jane Smith,56,Finance,89889,1.0,0.0,0.0,0.0,0.0,0.0
107,Fiona Williams,44,IT,103770,0.0,0.0,1.0,0.0,0.0,0.0
122,Jane Johnson,47,Operations,38906,0.0,0.0,0.0,0.0,1.0,0.0
634,Jane Brown,57,Marketing,65851,0.0,0.0,0.0,1.0,0.0,0.0
538,Alice Brown,57,IT,94379,0.0,0.0,1.0,0.0,0.0,0.0
60,Diana Johnson,50,IT,57208,0.0,0.0,1.0,0.0,0.0,0.0
1878,Hannah Brown,36,Sales,36823,0.0,0.0,0.0,0.0,0.0,1.0
466,Hannah Smith,54,IT,50281,0.0,0.0,1.0,0.0,0.0,0.0
705,Hannah Davis,60,HR,57386,0.0,1.0,0.0,0.0,0.0,0.0
1413,Alice Martinez,50,IT,106373,0.0,0.0,1.0,0.0,0.0,0.0
487,Jane Smith,25,Marketing,37788,0.0,0.0,0.0,1.0,0.0,0.0
645,Diana Jones,54,Operations,84341,0.0,0.0,0.0,0.0,1.0,0.0
182,Jane Miller,23,Operations,61910,0.0,0.0,0.0,0.0,1.0,0.0
585,Ethan Garcia,40,Sales,94028,0.0,0.0,0.0,0.0,0.0,1.0
808,,45,Sales,56928,0.0,0.0,0.0,0.0,0.0,1.0
323,George Smith,44,Finance,108222,1.0,0.0,0.0,0.0,0.0,0.0
398,George Rodriguez,47,Operations,71779,0.0,0.0,0.0,0.0,1.0,0.0
524,John Williams,40,Sales,36910,0.0,0.0,0.0,0.0,0.0,1.0
856,Jane Brown,27,HR,46994,0.0,1.0,0.0,0.0,0.0,0.0
1595,Hannah Williams,22,Sales,57044,0.0,0.0,0.0,0.0,0.0,1.0
724,George Brown,55,Operations,64865,0.0,0.0,0.0,0.0,1.0,0.0
410,Bob Smith,60,Marketing,57605,0.0,0.0,0.0,1.0,0.0,0.0
1838,George Smith,39,Operations,80669,0.0,0.0,0.0,0.0,1.0,0.0
333,Jane Jones,53,IT,104520,0.0,0.0,1.0,0.0,0.0,0.0
755,Diana Garcia,32,IT,47069,0.0,0.0,1.0,0.0,0.0,0.0
748,John Johnson,26,Operations,86614,0.0,0.0,0.0,0.0,1.0,0.0
173,Hannah Brown,63,Operations,111929,0.0,0.0,0.0,0.0,1.0,0.0
49,Hannah Rodriguez,29,Sales,108916,0.0,0.0,0.0,0.0,0.0,1.0
818,Fiona Davis,56,HR,37345,0.0,1.0,0.0,0.0,0.0,0.0
116,Alice Johnson,56,IT,94106,0.0,0.0,1.0,0.0,0.0,0.0
220,Fiona Jones,47,Finance,47625,1.0,0.0,0.0,0.0,0.0,0.0
600,Fiona Williams,54,HR,48037,0.0,1.0,0.0,0.0,0.0,0.0
292,Hannah Rodriguez,51,IT,65585,0.0,0.0,1.0,0.0,0.0,0.0
360,Hannah Johnson,35,Marketing,104270,0.0,0.0,0.0,1.0,0.0,0.0
594,George Martinez,60,Finance,33754,1.0,0.0,0.0,0.0,0.0,0.0
492,Charlie Garcia,42,Sales,46531,0.0,0.0,0.0,0.0,0.0,1.0
742,Charlie Garcia,31,Marketing,32096,0.0,0.0,0.0,1.0,0.0,0.0
723,Ethan Johnson,59,Finance,38329,1.0,0.0,0.0,0.0,0.0,0.0
732,Ethan Davis,59,HR,53284,0.0,1.0,0.0,0.0,0.0,0.0
136,Ethan Rodriguez,51,IT,43467,0.0,0.0,1.0,0.0,0.0,0.0
224,Bob Johnson,53,Marketing,69532,0.0,0.0,0.0,1.0,0.0,0.0
900,Charlie Martinez,58,Finance,32551,1.0,0.0,0.0,0.0,0.0,0.0
629,Diana Johnson,33,Marketing,67900,0.0,0.0,0.0,1.0,0.0,0.0
972,Bob Garcia,54,Sales,39587,0.0,0.0,0.0,0.0,0.0,1.0
146,Hannah Brown,28,HR,78713,0.0,1.0,0.0,0.0,0.0,0.0
232,Alice Martinez,22,Finance,40106,1.0,0.0,0.0,0.0,0.0,0.0
57,Diana Johnson,27,Finance,103384,1.0,0.0,0.0,0.0,0.0,0.0
30,Bob Miller,49,HR,77414,0.0,1.0,0.0,0.0,0.0,0.0
992,Charlie Williams,59,Operations,55556,0.0,0.0,0.0,0.0,1.0,0.0
699,Diana Davis,61,Finance,106256,1.0,0.0,0.0,0.0,0.0,0.0
460,Fiona Jones,54,Sales,94641,0.0,0.0,0.0,0.0,0.0,1.0
777,Fiona Miller,63,Operations,62591,0.0,0.0,0.0,0.0,1.0,0.0
429,Hannah Brown,47,HR,46052,0.0,1.0,0.0,0.0,0.0,0.0
442,Alice Smith,31,Marketing,40749,0.0,0.0,0.0,1.0,0.0,0.0
817,Ethan Garcia,59,Marketing,36304,0.0,0.0,0.0,1.0,0.0,0.0
842,Charlie Martinez,29,IT,43140,0.0,0.0,1.0,0.0,0.0,0.0
532,Diana Garcia,37,Finance,47153,1.0,0.0,0.0,0.0,0.0,0.0
522,Hannah Martinez,33,Finance,91558,1.0,0.0,0.0,0.0,0.0,0.0
1877,John Brown,25,Marketing,57624,0.0,0.0,0.0,1.0,0.0,0.0
233,,32,IT,98008,0.0,0.0,1.0,0.0,0.0,0.0
1493,Diana Williams,57,Operations,118340,0.0,0.0,0.0,0.0,1.0,0.0
435,Bob Davis,58,Operations,83744,0.0,0.0,0.0,0.0,1.0,0.0
364,John Jones,49,IT,85099,0.0,0.0,1.0,0.0,0.0,0.0
601,Bob Miller,59,Finance,113986,1.0,0.0,0.0,0.0,0.0,0.0
838,George Smith,39,Operations,80669,0.0,0.0,0.0,0.0,1.0,0.0
86,Ethan Jones,45,Marketing,109973,0.0,0.0,0.0,1.0,0.0,0.0
675,Jane Davis,22,Finance,95697,1.0,0.0,0.0,0.0,0.0,0.0
321,Charlie Garcia,42,Finance,70461,1.0,0.0,0.0,0.0,0.0,0.0
607,Jane Martinez,32,Operations,86447,0.0,0.0,0.0,0.0,1.0,0.0
120,George Miller,22,IT,69310,0.0,0.0,1.0,0.0,0.0,0.0
616,Diana Johnson,36,IT,68787,0.0,0.0,1.0,0.0,0.0,0.0
156,Alice Johnson,32,Sales,54611,0.0,0.0,0.0,0.0,0.0,1.0
937,Jane Rodriguez,22,Marketing,47071,0.0,0.0,0.0,1.0,0.0,0.0
463,Bob Rodriguez,33,Sales,36172,0.0,0.0,0.0,0.0,0.0,1.0
144,Diana Williams,34,Finance,116365,1.0,0.0,0.0,0.0,0.0,0.0
380,Charlie Brown,26,Sales,67846,0.0,0.0,0.0,0.0,0.0,1.0
476,Ethan Johnson,44,Marketing,55431,0.0,0.0,0.0,1.0,0.0,0.0
527,Bob Smith,28,IT,64964,0.0,0.0,1.0,0.0,0.0,0.0
117,Fiona Garcia,58,IT,99967,0.0,0.0,1.0,0.0,0.0,0.0
766,Jane Miller,24,Marketing,31431,0.0,0.0,0.0,1.0,0.0,0.0
587,Hannah Johnson,24,Sales,54858,0.0,0.0,0.0,0.0,0.0,1.0
620,Bob Martinez,37,Sales,33081,0.0,0.0,0.0,0.0,0.0,1.0
253,Alice Jones,40,HR,30661,0.0,1.0,0.0,0.0,0.0,0.0
251,Fiona Davis,62,Finance,39686,1.0,0.0,0.0,0.0,0.0,0.0
743,Hannah Miller,38,Marketing,55279,0.0,0.0,0.0,1.0,0.0,0.0
171,Charlie Smith,58,Finance,82249,1.0,0.0,0.0,0.0,0.0,0.0
646,Fiona Johnson,41,IT,42087,0.0,0.0,1.0,0.0,0.0,0.0
62,Hannah Williams,47,Finance,96024,1.0,0.0,0.0,0.0,0.0,0.0
241,Jane Smith,28,Operations,34255,0.0,0.0,0.0,0.0,1.0,0.0
841,Fiona Johnson,55,Sales,77945,0.0,0.0,0.0,0.0,0.0,1.0
715,George Jones,44,Marketing,79811,0.0,0.0,0.0,1.0,0.0,0.0
103,Bob Smith,29,IT,41556,0.0,0.0,1.0,0.0,0.0,0.0
1130,Ethan Smith,63,Finance,80115,1.0,0.0,0.0,0.0,0.0,0.0
557,Ethan Martinez,59,Sales,106971,0.0,0.0,0.0,0.0,0.0,1.0
684,Bob Martinez,24,Marketing,108229,0.0,0.0,0.0,1.0,0.0,0.0
814,Ethan Jones,44,IT,72891,0.0,0.0,1.0,0.0,0.0,0.0
305,Hannah Garcia,40,Finance,34437,1.0,0.0,0.0,0.0,0.0,0.0
736,Ethan Davis,51,IT,100553,0.0,0.0,1.0,0.0,0.0,0.0
752,George Garcia,34,HR,73619,0.0,1.0,0.0,0.0,0.0,0.0
269,Diana Williams,46,Sales,40754,0.0,0.0,0.0,0.0,0.0,1.0
71,Hannah Martinez,44,IT,55426,0.0,0.0,1.0,0.0,0.0,0.0
756,George Williams,44,Sales,37531,0.0,0.0,0.0,0.0,0.0,1.0
1623,Ethan Miller,33,Finance,110102,1.0,0.0,0.0,0.0,0.0,0.0
344,Hannah Johnson,30,Finance,41138,1.0,0.0,0.0,0.0,0.0,0.0
770,John Martinez,50,Operations,104971,0.0,0.0,0.0,0.0,1.0,0.0
613,Alice Johnson,39,Operations,85147,0.0,0.0,0.0,0.0,1.0,0.0
501,John Davis,39,HR,58138,0.0,1.0,0.0,0.0,0.0,0.0
975,Diana Martinez,61,Marketing,111835,0.0,0.0,0.0,1.0,0.0,0.0
320,Diana Davis,54,Operations,61750,0.0,0.0,0.0,0.0,1.0,0.0
875,Jane Jones,49,HR,30781,0.0,1.0,0.0,0.0,0.0,0.0
1200,Fiona Johnson,25,Marketing,70390,0.0,0.0,0.0,1.0,0.0,0.0
48,Fiona Johnson,28,Marketing,72287,0.0,0.0,0.0,1.0,0.0,0.0
944,Hannah Jones,58,Marketing,32591,0.0,0.0,0.0,1.0,0.0,0.0
539,Bob Garcia,44,Finance,87866,1.0,0.0,0.0,0.0,0.0,0.0
432,Charlie Jones,57,Operations,30671,0.0,0.0,0.0,0.0,1.0,0.0
93,Diana Johnson,56,Finance,36471,1.0,0.0,0.0,0.0,0.0,0.0
885,Charlie Jones,29,HR,50354,0.0,1.0,0.0,0.0,0.0,0.0
741,Ethan Rodriguez,25,Marketing,72963,0.0,0.0,0.0,1.0,0.0,0.0
246,Fiona Williams,33,HR,75113,0.0,1.0,0.0,0.0,0.0,0.0
779,George Miller,42,Marketing,37896,0.0,0.0,0.0,1.0,0.0,0.0
354,Hannah Brown,28,IT,76659,0.0,0.0,1.0,0.0,0.0,0.0
434,Bob Smith,51,Sales,71424,0.0,0.0,0.0,0.0,0.0,1.0
956,Charlie Davis,63,IT,31125,0.0,0.0,1.0,0.0,0.0,0.0
687,Alice Brown,58,Finance,92539,1.0,0.0,0.0,0.0,0.0,0.0
617,Diana Johnson,52,IT,92946,0.0,0.0,1.0,0.0,0.0,0.0
719,Hannah Smith,35,IT,114045,0.0,0.0,1.0,0.0,0.0,0.0
424,Alice Jones,51,HR,35542,0.0,1.0,0.0,0.0,0.0,0.0
330,Bob Smith,24,IT,85249,0.0,0.0,1.0,0.0,0.0,0.0
195,Diana Rodriguez,23,Finance,71621,1.0,0.0,0.0,0.0,0.0,0.0
787,Charlie Rodriguez,35,IT,48681,0.0,0.0,1.0,0.0,0.0,0.0
711,Diana Jones,26,IT,107984,0.0,0.0,1.0,0.0,0.0,0.0
446,Charlie Johnson,26,IT,51223,0.0,0.0,1.0,0.0,0.0,0.0
598,John Williams,49,Finance,38706,1.0,0.0,0.0,0.0,0.0,0.0
912,Alice Smith,23,Marketing,51038,0.0,0.0,0.0,1.0,0.0,0.0
554,Fiona Martinez,30,HR,32461,0.0,1.0,0.0,0.0,0.0,0.0
978,John Martinez,27,Marketing,82142,0.0,0.0,0.0,1.0,0.0,0.0
631,Fiona Rodriguez,49,Sales,77701,0.0,0.0,0.0,0.0,0.0,1.0
963,John Garcia,35,IT,39752,0.0,0.0,1.0,0.0,0.0,0.0
948,George Brown,42,Finance,84400,1.0,0.0,0.0,0.0,0.0,0.0
793,,51,Sales,44289,0.0,0.0,0.0,0.0,0.0,1.0
147,Ethan Brown,43,Operations,59734,0.0,0.0,0.0,0.0,1.0,0.0
665,Bob Martinez,42,Finance,57766,1.0,0.0,0.0,0.0,0.0,0.0
534,,56,Finance,69071,1.0,0.0,0.0,0.0,0.0,0.0
816,John Miller,39,HR,36588,0.0,1.0,0.0,0.0,0.0,0.0
11,Hannah Brown,32,Sales,36638,0.0,0.0,0.0,0.0,0.0,1.0
234,Ethan Miller,49,Operations,102240,0.0,0.0,0.0,0.0,1.0,0.0
115,Hannah Brown,22,Sales,63174,0.0,0.0,0.0,0.0,0.0,1.0
499,Hannah Miller,56,IT,94027,0.0,0.0,1.0,0.0,0.0,0.0
416,Alice Davis,47,IT,92646,0.0,0.0,1.0,0.0,0.0,0.0
235,Alice Williams,46,IT,94315,0.0,0.0,1.0,0.0,0.0,0.0
957,Fiona Davis,46,IT,97065,0.0,0.0,1.0,0.0,0.0,0.0
780,John Martinez,27,Marketing,62972,0.0,0.0,0.0,1.0,0.0,0.0
18,George Martinez,23,Finance,52911,1.0,0.0,0.0,0.0,0.0,0.0
485,Jane Miller,62,Marketing,93530,0.0,0.0,0.0,1.0,0.0,0.0
812,Diana Williams,28,IT,92292,0.0,0.0,1.0,0.0,0.0,0.0
247,Jane Rodriguez,26,Sales,104069,0.0,0.0,0.0,0.0,0.0,1.0
798,Charlie Smith,22,Operations,95428,0.0,0.0,0.0,0.0,1.0,0.0
45,Alice Miller,23,Marketing,109134,0.0,0.0,0.0,1.0,0.0,0.0
786,Hannah Garcia,55,HR,70785,0.0,1.0,0.0,0.0,0.0,0.0
372,Ethan Smith,43,Finance,101966,1.0,0.0,0.0,0.0,0.0,0.0
239,Fiona Martinez,63,IT,98011,0.0,0.0,1.0,0.0,0.0,0.0
285,Jane Miller,28,Operations,95061,0.0,0.0,0.0,0.0,1.0,0.0
457,Charlie Martinez,33,Marketing,62784,0.0,0.0,0.0,1.0,0.0,0.0
690,Fiona Williams,40,Operations,67861,0.0,0.0,0.0,0.0,1.0,0.0
1674,Ethan Rodriguez,56,IT,41005,0.0,0.0,1.0,0.0,0.0,0.0
870,Jane Smith,45,IT,35774,0.0,0.0,1.0,0.0,0.0,0.0
465,George Smith,22,IT,119097,0.0,0.0,1.0,0.0,0.0,0.0
87,Fiona Garcia,22,IT,93449,0.0,0.0,1.0,0.0,0.0,0.0
426,George Martinez,33,Finance,52740,1.0,0.0,0.0,0.0,0.0,0.0
261,Fiona Smith,29,Sales,58982,0.0,0.0,0.0,0.0,0.0,1.0
745,Jane Brown,38,Operations,49715,0.0,0.0,0.0,0.0,1.0,0.0
980,Ethan Brown,24,Sales,48888,0.0,0.0,0.0,0.0,0.0,1.0
547,Ethan Davis,56,Finance,100119,1.0,0.0,0.0,0.0,0.0,0.0
868,Fiona Miller,58,Sales,108707,0.0,0.0,0.0,0.0,0.0,1.0
6,Jane Jones,42,Operations,75272,0.0,0.0,0.0,0.0,1.0,0.0
683,Diana Brown,59,Operations,85506,0.0,0.0,0.0,0.0,1.0,0.0
938,Ethan Williams,61,HR,50074,0.0,1.0,0.0,0.0,0.0,0.0
797,Ethan Johnson,57,HR,107454,0.0,1.0,0.0,0.0,0.0,0.0
735,Jane Brown,36,Operations,55122,0.0,0.0,0.0,0.0,1.0,0.0
362,Jane Garcia,44,Finance,58179,1.0,0.0,0.0,0.0,0.0,0.0
177,Hannah Brown,53,Finance,101831,1.0,0.0,0.0,0.0,0.0,0.0
548,,44,Finance,68714,1.0,0.0,0.0,0.0,0.0,0.0
389,George Garcia,34,Sales,36406,0.0,0.0,0.0,0.0,0.0,1.0
860,Ethan Rodriguez,32,IT,67823,0.0,0.0,1.0,0.0,0.0,0.0
311,Bob Jones,50,IT,117468,0.0,0.0,1.0,0.0,0.0,0.0
914,Jane Miller,61,HR,117983,0.0,1.0,0.0,0.0,0.0,0.0
52,George Garcia,38,IT,66059,0.0,0.0,1.0,0.0,0.0,0.0
623,Ethan Miller,33,Finance,110102,1.0,0.0,0.0,0.0,0.0,0.0
637,Fiona Martinez,49,HR,43944,0.0,1.0,0.0,0.0,0.0,0.0
277,Ethan Johnson,57,IT,48752,0.0,0.0,1.0,0.0,0.0,0.0
535,Charlie Williams,33,Finance,99519,1.0,0.0,0.0,0.0,0.0,0.0
312,Hannah Davis,27,HR,64594,0.0,1.0,0.0,0.0,0.0,0.0
713,George Rodriguez,51,Marketing,75253,0.0,0.0,0.0,1.0,0.0,0.0
444,Bob Miller,53,HR,67487,0.0,1.0,0.0,0.0,0.0,0.0
932,Diana Williams,30,Operations,36629,0.0,0.0,0.0,0.0,1.0,0.0
196,Hannah Rodriguez,47,Sales,107231,0.0,0.0,0.0,0.0,0.0,1.0
734,Hannah Miller,45,Marketing,113369,0.0,0.0,0.0,1.0,0.0,0.0
641,Ethan Miller,57,Marketing,45379,0.0,0.0,0.0,1.0,0.0,0.0
303,,54,IT,95450,0.0,0.0,1.0,0.0,0.0,0.0
455,Fiona Miller,41,Operations,83352,0.0,0.0,0.0,0.0,1.0,0.0
242,Fiona Jones,37,Finance,44484,1.0,0.0,0.0,0.0,0.0,0.0
21,Fiona Smith,59,Marketing,31969,0.0,0.0,0.0,1.0,0.0,0.0
666,Ethan Davis,47,Finance,98099,1.0,0.0,0.0,0.0,0.0,0.0
966,Jane Martinez,54,Marketing,54217,0.0,0.0,0.0,1.0,0.0,0.0
385,Hannah Martinez,51,IT,100984,0.0,0.0,1.0,0.0,0.0,0.0
121,Jane Davis,26,Marketing,86088,0.0,0.0,0.0,1.0,0.0,0.0
3,Fiona Garcia,36,HR,65057,0.0,1.0,0.0,0.0,0.0,0.0
129,Hannah Rodriguez,47,Operations,36012,0.0,0.0,0.0,0.0,1.0,0.0
207,Jane Brown,27,HR,116936,0.0,1.0,0.0,0.0,0.0,0.0
901,Bob Brown,32,HR,101947,0.0,1.0,0.0,0.0,0.0,0.0
573,Alice Rodriguez,38,Sales,85533,0.0,0.0,0.0,0.0,0.0,1.0
135,,25,Sales,102430,0.0,0.0,0.0,0.0,0.0,1.0
256,Diana Williams,41,Marketing,72828,0.0,0.0,0.0,1.0,0.0,0.0
214,Hannah Miller,37,Operations,85754,0.0,0.0,0.0,0.0,1.0,0.0
205,Charlie Jones,26,Marketing,87784,0.0,0.0,0.0,1.0,0.0,0.0
949,Charlie Davis,58,Operations,55150,0.0,0.0,0.0,0.0,1.0,0.0
139,Fiona Johnson,60,Operations,94157,0.0,0.0,0.0,0.0,1.0,0.0
512,Alice Smith,56,IT,91063,0.0,0.0,1.0,0.0,0.0,0.0
63,Hannah Garcia,55,IT,69882,0.0,0.0,1.0,0.0,0.0,0.0
530,Fiona Johnson,52,Sales,35978,0.0,0.0,0.0,0.0,0.0,1.0
92,Bob Miller,29,HR,52612,0.0,1.0,0.0,0.0,0.0,0.0
335,Jane Davis,44,Finance,94309,1.0,0.0,0.0,0.0,0.0,0.0
611,Charlie Smith,40,HR,95095,0.0,1.0,0.0,0.0,0.0,0.0
252,Jane Williams,56,Operations,83363,0.0,0.0,0.0,0.0,1.0,0.0
782,John Garcia,26,HR,71800,0.0,1.0,0.0,0.0,0.0,0.0
188,John Brown,49,Operations,98576,0.0,0.0,0.0,0.0,1.0,0.0
123,Diana Brown,35,Operations,66914,0.0,0.0,0.0,0.0,1.0,0.0
363,Ethan Davis,36,Sales,82188,0.0,0.0,0.0,0.0,0.0,1.0
910,Jane Smith,44,Finance,36710,1.0,0.0,0.0,0.0,0.0,0.0
445,John Rodriguez,22,Operations,63361,0.0,0.0,0.0,0.0,1.0,0.0
187,John Smith,23,Sales,95481,0.0,0.0,0.0,0.0,0.0,1.0
568,Jane Miller,59,Finance,86849,1.0,0.0,0.0,0.0,0.0,0.0
549,Ethan Garcia,50,HR,84093,0.0,1.0,0.0,0.0,0.0,0.0
649,Jane Williams,50,Finance,39596,1.0,0.0,0.0,0.0,0.0,0.0
907,Charlie Smith,27,HR,105939,0.0,1.0,0.0,0.0,0.0,0.0
837,Charlie Williams,62,HR,97169,0.0,1.0,0.0,0.0,0.0,0.0
889,Fiona Garcia,47,Marketing,71971,0.0,0.0,0.0,1.0,0.0,0.0
658,Charlie Miller,51,Marketing,110073,0.0,0.0,0.0,1.0,0.0,0.0
490,Fiona Williams,57,Sales,106816,0.0,0.0,0.0,0.0,0.0,1.0
494,Hannah Johnson,31,HR,74857,0.0,1.0,0.0,0.0,0.0,0.0
603,John Jones,53,Operations,81612,0.0,0.0,0.0,0.0,1.0,0.0
943,Fiona Williams,62,Marketing,35906,0.0,0.0,0.0,1.0,0.0,0.0
940,Fiona Johnson,50,Sales,69901,0.0,0.0,0.0,0.0,0.0,1.0
589,Charlie Rodriguez,49,Marketing,74638,0.0,0.0,0.0,1.0,0.0,0.0
319,George Miller,56,IT,82290,0.0,0.0,1.0,0.0,0.0,0.0
1249,Alice Jones,53,HR,49201,0.0,1.0,0.0,0.0,0.0,0.0
682,John Smith,26,HR,35997,0.0,1.0,0.0,0.0,0.0,0.0
275,Bob Rodriguez,37,Marketing,92711,0.0,0.0,0.0,1.0,0.0,0.0
550,Jane Davis,64,Marketing,85419,0.0,0.0,0.0,1.0,0.0,0.0
632,Alice Davis,29,Sales,49033,0.0,0.0,0.0,0.0,0.0,1.0
503,Jane Johnson,53,Operations,106295,0.0,0.0,0.0,0.0,1.0,0.0
304,Diana Jones,26,Finance,40382,1.0,0.0,0.0,0.0,0.0,0.0
606,John Martinez,42,HR,39496,0.0,1.0,0.0,0.0,0.0,0.0
765,Fiona Davis,46,IT,110797,0.0,0.0,1.0,0.0,0.0,0.0
941,Ethan Miller,29,Sales,41205,0.0,0.0,0.0,0.0,0.0,1.0
850,Jane Miller,55,Sales,99286,0.0,0.0,0.0,0.0,0.0,1.0
161,John Martinez,22,Operations,72668,0.0,0.0,0.0,0.0,1.0,0.0
314,Hannah Williams,62,Marketing,90631,0.0,0.0,0.0,1.0,0.0,0.0
61,Ethan Williams,39,Operations,115150,0.0,0.0,0.0,0.0,1.0,0.0
203,Ethan Davis,59,IT,104696,0.0,0.0,1.0,0.0,0.0,0.0
296,Alice Rodriguez,48,Finance,85114,1.0,0.0,0.0,0.0,0.0,0.0
299,Jane Smith,42,Sales,48073,0.0,0.0,0.0,0.0,0.0,1.0
794,Ethan Johnson,64,Marketing,37927,0.0,0.0,0.0,1.0,0.0,0.0
366,Hannah Jones,23,Operations,108213,0.0,0.0,0.0,0.0,1.0,0.0
872,Ethan Miller,27,IT,40983,0.0,0.0,1.0,0.0,0.0,0.0
945,Hannah Williams,35,Sales,92987,0.0,0.0,0.0,0.0,0.0,1.0
916,Ethan Davis,41,Operations,67991,0.0,0.0,0.0,0.0,1.0,0.0
923,George Davis,36,IT,114742,0.0,0.0,1.0,0.0,0.0,0.0
915,Bob Smith,23,Marketing,97821,0.0,0.0,0.0,1.0,0.0,0.0
822,George Brown,49,Operations,45352,0.0,0.0,0.0,0.0,1.0,0.0
857,Ethan Brown,27,Finance,97263,1.0,0.0,0.0,0.0,0.0,0.0
39,Alice Garcia,39,Operations,80138,0.0,0.0,0.0,0.0,1.0,0.0
493,Diana Williams,57,Operations,118340,0.0,0.0,0.0,0.0,1.0,0.0
974,Hannah Williams,35,IT,60930,0.0,0.0,1.0,0.0,0.0,0.0
170,Ethan Jones,30,Finance,39435,1.0,0.0,0.0,0.0,0.0,0.0
41,Charlie Martinez,46,IT,67208,0.0,0.0,1.0,0.0,0.0,0.0
377,John Miller,58,HR,79841,0.0,1.0,0.0,0.0,0.0,0.0
855,George Miller,42,Operations,78777,0.0,0.0,0.0,0.0,1.0,0.0
692,Ethan Garcia,42,Marketing,73934,0.0,0.0,0.0,1.0,0.0,0.0
678,Alice Martinez,49,Sales,93646,0.0,0.0,0.0,0.0,0.0,1.0
946,George Johnson,51,Finance,93370,1.0,0.0,0.0,0.0,0.0,0.0
605,Fiona Brown,37,Marketing,35926,0.0,0.0,0.0,1.0,0.0,0.0
644,George Davis,30,HR,35110,0.0,1.0,0.0,0.0,0.0,0.0
1060,Diana Johnson,50,IT,57208,0.0,0.0,1.0,0.0,0.0,0.0
717,Alice Williams,58,Marketing,113930,0.0,0.0,0.0,1.0,0.0,0.0
409,Ethan Miller,37,IT,56715,0.0,0.0,1.0,0.0,0.0,0.0
127,Ethan Rodriguez,36,IT,76881,0.0,0.0,1.0,0.0,0.0,0.0
341,John Williams,38,Sales,67685,0.0,0.0,0.0,0.0,0.0,1.0
507,,58,IT,58270,0.0,0.0,1.0,0.0,0.0,0.0
854,Jane Rodriguez,43,HR,100202,0.0,1.0,0.0,0.0,0.0,0.0
54,Diana Johnson,61,HR,47087,0.0,1.0,0.0,0.0,0.0,0.0
370,George Miller,46,IT,90545,0.0,0.0,1.0,0.0,0.0,0.0
657,Hannah Garcia,31,Finance,89796,1.0,0.0,0.0,0.0,0.0,0.0
733,Bob Brown,54,Finance,91330,1.0,0.0,0.0,0.0,0.0,0.0
176,John Smith,53,Finance,61401,1.0,0.0,0.0,0.0,0.0,0.0
878,Hannah Brown,36,Sales,36823,0.0,0.0,0.0,0.0,0.0,1.0
618,Alice Martinez,22,HR,51727,0.0,1.0,0.0,0.0,0.0,0.0
46,George Smith,41,Marketing,77055,0.0,0.0,0.0,1.0,0.0,0.0
237,Jane Miller,52,Sales,100587,0.0,0.0,0.0,0.0,0.0,1.0
712,Hannah Smith,51,IT,89792,0.0,0.0,1.0,0.0,0.0,0.0
968,George Smith,36,Finance,62994,1.0,0.0,0.0,0.0,0.0,0.0
981,Hannah Rodriguez,28,Marketing,73732,0.0,0.0,0.0,1.0,0.0,0.0
83,Charlie Smith,46,HR,113360,0.0,1.0,0.0,0.0,0.0,0.0
1439,Jane Brown,57,Sales,52420,0.0,0.0,0.0,0.0,0.0,1.0
137,Charlie Miller,58,Sales,61010,0.0,0.0,0.0,0.0,0.0,1.0
7,Hannah Garcia,60,Sales,119393,0.0,0.0,0.0,0.0,0.0,1.0
68,Bob Davis,36,Operations,94965,0.0,0.0,0.0,0.0,1.0,0.0
301,Jane Garcia,54,Finance,94977,1.0,0.0,0.0,0.0,0.0,0.0
449,Charlie Smith,45,IT,58380,0.0,0.0,1.0,0.0,0.0,0.0
284,Charlie Smith,29,Marketing,40699,0.0,0.0,0.0,1.0,0.0,0.0
25,John Davis,33,Finance,40225,1.0,0.0,0.0,0.0,0.0,0.0
831,Ethan Miller,34,Finance,48474,1.0,0.0,0.0,0.0,0.0,0.0
610,Diana Rodriguez,56,Marketing,71321,0.0,0.0,0.0,1.0,0.0,0.0
999,Jane Brown,23,Finance,100969,1.0,0.0,0.0,0.0,0.0,0.0
709,John Johnson,33,Sales,51621,0.0,0.0,0.0,0.0,0.0,1.0
662,Charlie Brown,39,Finance,67804,1.0,0.0,0.0,0.0,0.0,0.0
967,Ethan Jones,44,IT,118708,0.0,0.0,1.0,0.0,0.0,0.0
79,John Davis,62,HR,39108,0.0,1.0,0.0,0.0,0.0,0.0
266,Charlie Garcia,56,Sales,76479,0.0,0.0,0.0,0.0,0.0,1.0
744,Jane Rodriguez,31,IT,56201,0.0,0.0,1.0,0.0,0.0,0.0
811,Alice Garcia,35,Operations,117896,0.0,0.0,0.0,0.0,1.0,0.0
865,Jane Jones,24,Finance,93870,1.0,0.0,0.0,0.0,0.0,0.0
781,Diana Johnson,22,IT,79733,0.0,0.0,1.0,0.0,0.0,0.0
413,Alice Martinez,50,IT,106373,0.0,0.0,1.0,0.0,0.0,0.0
258,Jane Brown,54,Operations,40526,0.0,0.0,0.0,0.0,1.0,0.0
508,John Davis,33,IT,108815,0.0,0.0,1.0,0.0,0.0,0.0
792,Diana Johnson,43,IT,60682,0.0,0.0,1.0,0.0,0.0,0.0
861,Charlie Garcia,51,Finance,93878,1.0,0.0,0.0,0.0,0.0,0.0
929,Charlie Brown,26,IT,109473,0.0,0.0,1.0,0.0,0.0,0.0
984,Alice Martinez,36,HR,76037,0.0,1.0,0.0,0.0,0.0,0.0
917,Jane Williams,22,Operations,109057,0.0,0.0,0.0,0.0,1.0,0.0
352,Jane Rodriguez,45,Finance,46920,1.0,0.0,0.0,0.0,0.0,0.0
481,George Martinez,47,Sales,52614,0.0,0.0,0.0,0.0,0.0,1.0
881,George Garcia,59,Marketing,59118,0.0,0.0,0.0,1.0,0.0,0.0
800,Fiona Rodriguez,56,Operations,107465,0.0,0.0,0.0,0.0,1.0,0.0
134,Fiona Jones,53,Operations,72652,0.0,0.0,0.0,0.0,1.0,0.0
309,Hannah Brown,49,Operations,42329,0.0,0.0,0.0,0.0,1.0,0.0
414,George Williams,24,Sales,99252,0.0,0.0,0.0,0.0,0.0,1.0
1403,Diana Brown,22,HR,72468,0.0,1.0,0.0,0.0,0.0,0.0
961,Diana Garcia,60,Marketing,46154,0.0,0.0,0.0,1.0,0.0,0.0
596,Bob Garcia,24,HR,97260,0.0,1.0,0.0,0.0,0.0,0.0
771,Jane Jones,53,Finance,30162,1.0,0.0,0.0,0.0,0.0,0.0
108,Bob Garcia,45,IT,56966,0.0,0.0,1.0,0.0,0.0,0.0
148,Jane Williams,49,Marketing,102588,0.0,0.0,0.0,1.0,0.0,0.0
1040,Bob Jones,25,HR,72823,0.0,1.0,0.0,0.0,0.0,0.0
20,John Brown,51,Finance,108131,1.0,0.0,0.0,0.0,0.0,0.0
230,John Johnson,39,IT,61367,0.0,0.0,1.0,0.0,0.0,0.0
495,Ethan Brown,58,Finance,40142,1.0,0.0,0.0,0.0,0.0,0.0
758,Diana Johnson,52,Operations,37736,0.0,0.0,0.0,0.0,1.0,0.0
219,Bob Jones,40,Marketing,68467,0.0,0.0,0.0,1.0,0.0,0.0
295,Ethan Johnson,29,Marketing,114416,0.0,0.0,0.0,1.0,0.0,0.0
439,Jane Brown,57,Sales,52420,0.0,0.0,0.0,0.0,0.0,1.0
1531,Diana Garcia,40,HR,117527,0.0,1.0,0.0,0.0,0.0,0.0
819,Alice Williams,36,Marketing,59300,0.0,0.0,0.0,1.0,0.0,0.0
166,Diana Smith,60,HR,95429,0.0,1.0,0.0,0.0,0.0,0.0
586,Hannah Brown,60,IT,85731,0.0,0.0,1.0,0.0,0.0,0.0
636,Alice Johnson,29,Marketing,93437,0.0,0.0,0.0,1.0,0.0,0.0
821,Jane Martinez,58,Marketing,118553,0.0,0.0,0.0,1.0,0.0,0.0
208,Charlie Miller,43,HR,47727,0.0,1.0,0.0,0.0,0.0,0.0
345,Ethan Miller,64,Operations,65298,0.0,0.0,0.0,0.0,1.0,0.0
98,Charlie Smith,60,Finance,34760,1.0,0.0,0.0,0.0,0.0,0.0
387,Charlie Davis,61,HR,58141,0.0,1.0,0.0,0.0,0.0,0.0
583,Fiona Brown,31,Sales,115457,0.0,0.0,0.0,0.0,0.0,1.0
204,Bob Martinez,45,Sales,57213,0.0,0.0,0.0,0.0,0.0,1.0
689,John Garcia,31,IT,51817,0.0,0.0,1.0,0.0,0.0,0.0
731,Charlie Martinez,55,Marketing,114530,0.0,0.0,0.0,1.0,0.0,0.0
425,Alice Johnson,26,Operations,90428,0.0,0.0,0.0,0.0,1.0,0.0
468,George Smith,31,Marketing,81431,0.0,0.0,0.0,1.0,0.0,0.0
1680,Hannah Jones,26,Finance,58731,1.0,0.0,0.0,0.0,0.0,0.0
82,Ethan Martinez,22,Sales,61324,0.0,0.0,0.0,0.0,0.0,1.0
883,Bob Davis,36,Marketing,52263,0.0,0.0,0.0,1.0,0.0,0.0
790,George Jones,30,Sales,77299,0.0,0.0,0.0,0.0,0.0,1.0
412,Alice Miller,43,Operations,39956,0.0,0.0,0.0,0.0,1.0,0.0
325,Diana Smith,24,IT,36721,0.0,0.0,1.0,0.0,0.0,0.0
570,Diana Smith,29,Finance,45997,1.0,0.0,0.0,0.0,0.0,0.0
518,George Miller,43,HR,56189,0.0,1.0,0.0,0.0,0.0,0.0
322,Alice Williams,53,Sales,103800,0.0,0.0,0.0,0.0,0.0,1.0
17,Jane Brown,43,HR,69062,0.0,1.0,0.0,0.0,0.0,0.0
931,Jane Garcia,32,HR,34135,0.0,1.0,0.0,0.0,0.0,0.0
669,Hannah Miller,48,HR,46087,0.0,1.0,0.0,0.0,0.0,0.0
574,Bob Martinez,28,Sales,112566,0.0,0.0,0.0,0.0,0.0,1.0
218,Hannah Johnson,57,Sales,90946,0.0,0.0,0.0,0.0,0.0,1.0
392,,40,Marketing,76851,0.0,0.0,0.0,1.0,0.0,0.0
795,John Jones,38,HR,78330,0.0,1.0,0.0,0.0,0.0,0.0
361,Ethan Miller,33,Operations,63613,0.0,0.0,0.0,0.0,1.0,0.0
714,John Rodriguez,38,HR,64051,0.0,1.0,0.0,0.0,0.0,0.0
338,Bob Jones,63,Finance,35901,1.0,0.0,0.0,0.0,0.0,0.0
29,Charlie Williams,63,Operations,78320,0.0,0.0,0.0,0.0,1.0,0.0
404,George Smith,55,Finance,62371,1.0,0.0,0.0,0.0,0.0,0.0
760,George Jones,37,Operations,97155,0.0,0.0,0.0,0.0,1.0,0.0
882,Fiona Garcia,23,Operations,111816,0.0,0.0,0.0,0.0,1.0,0.0
859,Jane Williams,51,Sales,40800,0.0,0.0,0.0,0.0,0.0,1.0
1161,John Martinez,22,Operations,72668,0.0,0.0,0.0,0.0,1.0,0.0
774,Fiona Brown,26,Marketing,103997,0.0,0.0,0.0,1.0,0.0,0.0
526,Bob Martinez,30,IT,76857,0.0,0.0,1.0,0.0,0.0,0.0
215,Charlie Williams,50,Operations,92438,0.0,0.0,0.0,0.0,1.0,0.0
591,,49,Operations,50567,0.0,0.0,0.0,0.0,1.0,0.0
979,Alice Smith,27,Finance,56475,1.0,0.0,0.0,0.0,0.0,0.0
694,John Jones,30,Sales,87775,0.0,0.0,0.0,0.0,0.0,1.0
1367,Bob Johnson,53,Operations,48268,0.0,0.0,0.0,0.0,1.0,0.0
880,Ethan Smith,51,Marketing,69961,0.0,0.0,0.0,1.0,0.0,0.0
289,Alice Rodriguez,33,Marketing,35782,0.0,0.0,0.0,1.0,0.0,0.0
824,Charlie Williams,60,Finance,49446,1.0,0.0,0.0,0.0,0.0,0.0
679,John Williams,38,Sales,90603,0.0,0.0,0.0,0.0,0.0,1.0
559,Ethan Rodriguez,34,Sales,114080,0.0,0.0,0.0,0.0,0.0,1.0
450,Hannah Davis,37,Operations,56035,0.0,0.0,0.0,0.0,1.0,0.0
197,John Rodriguez,53,Finance,98388,1.0,0.0,0.0,0.0,0.0,0.0
921,Diana Williams,30,Operations,107067,0.0,0.0,0.0,0.0,1.0,0.0
19,Charlie Johnson,45,Finance,62556,1.0,0.0,0.0,0.0,0.0,0.0
903,Hannah Garcia,34,Sales,79159,0.0,0.0,0.0,0.0,0.0,1.0
50,George Williams,56,Sales,56984,0.0,0.0,0.0,0.0,0.0,1.0
318,George Miller,52,Finance,103861,1.0,0.0,0.0,0.0,0.0,0.0
33,Fiona Davis,24,HR,85409,0.0,1.0,0.0,0.0,0.0,0.0
59,George Rodriguez,25,Operations,102460,0.0,0.0,0.0,0.0,1.0,0.0
118,Charlie Miller,35,Marketing,89182,0.0,0.0,0.0,1.0,0.0,0.0
69,Jane Smith,29,Marketing,66321,0.0,0.0,0.0,1.0,0.0,0.0
569,John Smith,40,HR,58044,0.0,1.0,0.0,0.0,0.0,0.0
517,Alice Davis,46,HR,36979,0.0,1.0,0.0,0.0,0.0,0.0
97,Alice Johnson,63,Finance,31177,1.0,0.0,0.0,0.0,0.0,0.0
401,John Smith,33,Marketing,87009,0.0,0.0,0.0,1.0,0.0,0.0
140,Bob Brown,36,Finance,42289,1.0,0.0,0.0,0.0,0.0,0.0
839,John Brown,57,Marketing,108021,0.0,0.0,0.0,1.0,0.0,0.0
331,Diana Williams,61,IT,78895,0.0,0.0,1.0,0.0,0.0,0.0
565,George Rodriguez,26,Sales,67643,0.0,0.0,0.0,0.0,0.0,1.0
126,Alice Jones,30,IT,67650,0.0,0.0,1.0,0.0,0.0,0.0
12,Ethan Davis,45,Sales,36570,0.0,0.0,0.0,0.0,0.0,1.0
113,Bob Smith,48,Marketing,88348,0.0,0.0,0.0,1.0,0.0,0.0
124,Alice Martinez,60,Marketing,75379,0.0,0.0,0.0,1.0,0.0,0.0
464,Diana Johnson,24,Operations,72080,0.0,0.0,0.0,0.0,1.0,0.0
500,Alice Rodriguez,57,IT,87906,0.0,0.0,1.0,0.0,0.0,0.0
210,Jane Garcia,37,Marketing,95108,0.0,0.0,0.0,1.0,0.0,0.0
179,Ethan Brown,62,Marketing,85826,0.0,0.0,0.0,1.0,0.0,0.0
595,Hannah Williams,22,Sales,57044,0.0,0.0,0.0,0.0,0.0,1.0
784,Hannah Jones,33,Marketing,89063,0.0,0.0,0.0,1.0,0.0,0.0
626,,37,IT,106865,0.0,0.0,1.0,0.0,0.0,0.0
451,Ethan Williams,23,IT,60620,0.0,0.0,1.0,0.0,0.0,0.0
375,Ethan Jones,36,Sales,72913,0.0,0.0,0.0,0.0,0.0,1.0
950,Bob Brown,26,Operations,61852,0.0,0.0,0.0,0.0,1.0,0.0
519,Hannah Rodriguez,34,Operations,72600,0.0,0.0,0.0,0.0,1.0,0.0
887,Jane Brown,26,Finance,53648,1.0,0.0,0.0,0.0,0.0,0.0
939,John Miller,43,Finance,97843,1.0,0.0,0.0,0.0,0.0,0.0
376,Diana Johnson,64,HR,85677,0.0,1.0,0.0,0.0,0.0,0.0
514,Alice Brown,51,Finance,82161,1.0,0.0,0.0,0.0,0.0,0.0
151,John Davis,27,Operations,119022,0.0,0.0,0.0,0.0,1.0,0.0
428,Hannah Smith,47,Sales,86532,0.0,0.0,0.0,0.0,0.0,1.0
858,Charlie Martinez,25,Operations,89634,0.0,0.0,0.0,0.0,1.0,0.0
95,Jane Jones,54,Finance,61348,1.0,0.0,0.0,0.0,0.0,0.0
660,Hannah Davis,54,Marketing,91627,0.0,0.0,0.0,1.0,0.0,0.0
89,George Rodriguez,45,Finance,90233,1.0,0.0,0.0,0.0,0.0,0.0
458,Charlie Johnson,56,HR,33191,0.0,1.0,0.0,0.0,0.0,0.0
555,Diana Smith,31,HR,44291,0.0,1.0,0.0,0.0,0.0,0.0
592,Jane Garcia,29,Marketing,59739,0.0,0.0,0.0,1.0,0.0,0.0
716,Diana Smith,36,Finance,60447,1.0,0.0,0.0,0.0,0.0,0.0
659,Ethan Johnson,26,Sales,94429,0.0,0.0,0.0,0.0,0.0,1.0
483,Alice Johnson,47,IT,100476,0.0,0.0,1.0,0.0,0.0,0.0
832,Hannah Williams,41,IT,76760,0.0,0.0,1.0,0.0,0.0,0.0
240,John Davis,56,Operations,66378,0.0,0.0,0.0,0.0,1.0,0.0
525,Alice Garcia,33,Sales,87713,0.0,0.0,0.0,0.0,0.0,1.0
390,Ethan Davis,63,HR,53291,0.0,1.0,0.0,0.0,0.0,0.0
336,John Brown,23,HR,59984,0.0,1.0,0.0,0.0,0.0,0.0
1381,Diana Martinez,60,Operations,89474,0.0,0.0,0.0,0.0,1.0,0.0
453,Hannah Davis,53,Sales,85316,0.0,0.0,0.0,0.0,0.0,1.0
193,Alice Brown,22,IT,110532,0.0,0.0,1.0,0.0,0.0,0.0
339,Ethan Smith,23,Finance,61552,1.0,0.0,0.0,0.0,0.0,0.0
168,Diana Davis,29,IT,64068,0.0,0.0,1.0,0.0,0.0,0.0
315,Fiona Jones,58,Finance,75033,1.0,0.0,0.0,0.0,0.0,0.0
728,Hannah Martinez,51,Sales,65525,0.0,0.0,0.0,0.0,0.0,1.0
759,Bob Miller,32,HR,37710,0.0,1.0,0.0,0.0,0.0,0.0
701,Jane Smith,55,Sales,31651,0.0,0.0,0.0,0.0,0.0,1.0
674,Ethan Rodriguez,56,IT,41005,0.0,0.0,1.0,0.0,0.0,0.0
270,John Davis,50,Finance,111437,1.0,0.0,0.0,0.0,0.0,0.0
801,George Garcia,36,HR,32539,0.0,1.0,0.0,0.0,0.0,0.0
1462,Hannah Martinez,58,IT,33631,0.0,0.0,1.0,0.0,0.0,0.0
78,Charlie Brown,46,IT,57723,0.0,0.0,1.0,0.0,0.0,0.0
488,Bob Jones,32,Sales,58082,0.0,0.0,0.0,0.0,0.0,1.0
419,George Rodriguez,43,Marketing,119818,0.0,0.0,0.0,1.0,0.0,0.0
43,Alice Miller,30,Marketing,60659,0.0,0.0,0.0,1.0,0.0,0.0
851,Fiona Miller,27,Sales,104071,0.0,0.0,0.0,0.0,0.0,1.0
369,Charlie Miller,43,HR,116269,0.0,1.0,0.0,0.0,0.0,0.0
452,George Davis,49,Finance,49877,1.0,0.0,0.0,0.0,0.0,0.0
128,John Brown,36,Sales,76413,0.0,0.0,0.0,0.0,0.0,1.0
544,Alice Garcia,35,IT,56806,0.0,0.0,1.0,0.0,0.0,0.0
100,Hannah Garcia,49,Finance,51636,1.0,0.0,0.0,0.0,0.0,0.0
898,Jane Smith,35,HR,62658,0.0,1.0,0.0,0.0,0.0,0.0
474,Bob Garcia,23,Sales,103616,0.0,0.0,0.0,0.0,0.0,1.0
849,Hannah Miller,47,Sales,42924,0.0,0.0,0.0,0.0,0.0,1.0
65,Jane Rodriguez,57,Sales,59165,0.0,0.0,0.0,0.0,0.0,1.0
192,Ethan Davis,54,HR,47014,0.0,1.0,0.0,0.0,0.0,0.0
183,Fiona Jones,24,Operations,66041,0.0,0.0,0.0,0.0,1.0,0.0
109,George Jones,58,Sales,111709,0.0,0.0,0.0,0.0,0.0,1.0
175,Jane Martinez,36,Sales,105388,0.0,0.0,0.0,0.0,0.0,1.0
76,Charlie Jones,45,IT,33726,0.0,0.0,1.0,0.0,0.0,0.0
561,Hannah Davis,63,Sales,107794,0.0,0.0,0.0,0.0,0.0,1.0
575,George Rodriguez,46,IT,44571,0.0,0.0,1.0,0.0,0.0,0.0
337,Diana Brown,48,IT,103822,0.0,0.0,1.0,0.0,0.0,0.0
973,Alice Johnson,23,IT,30645,0.0,0.0,1.0,0.0,0.0,0.0
245,,22,HR,103794,0.0,1.0,0.0,0.0,0.0,0.0
308,John Miller,38,Operations,91929,0.0,0.0,0.0,0.0,1.0,0.0
340,George Davis,47,HR,61055,0.0,1.0,0.0,0.0,0.0,0.0
262,George Miller,57,IT,30207,0.0,0.0,1.0,0.0,0.0,0.0
582,Ethan Brown,48,IT,78908,0.0,0.0,1.0,0.0,0.0,0.0
141,George Miller,64,HR,74976,0.0,1.0,0.0,0.0,0.0,0.0
73,Jane Jones,42,Operations,33712,0.0,0.0,0.0,0.0,1.0,0.0
477,John Johnson,38,Operations,86492,0.0,0.0,0.0,0.0,1.0,0.0
990,John Johnson,57,IT,66116,0.0,0.0,1.0,0.0,0.0,0.0
763,Charlie Miller,61,Sales,75603,0.0,0.0,0.0,0.0,0.0,1.0
418,Jane Johnson,58,HR,93037,0.0,1.0,0.0,0.0,0.0,0.0
593,Jane Rodriguez,62,Sales,87804,0.0,0.0,0.0,0.0,0.0,1.0
313,Bob Jones,56,Marketing,106957,0.0,0.0,0.0,1.0,0.0,0.0
638,Bob Smith,49,Marketing,49873,0.0,0.0,0.0,1.0,0.0,0.0
988,Bob Johnson,60,HR,89165,0.0,1.0,0.0,0.0,0.0,0.0
167,George Brown,27,Sales,53669,0.0,0.0,0.0,0.0,0.0,1.0
378,Jane Jones,54,IT,76332,0.0,0.0,1.0,0.0,0.0,0.0
407,Fiona Garcia,61,HR,81196,0.0,1.0,0.0,0.0,0.0,0.0
1,Diana Miller,60,Sales,55611,0.0,0.0,0.0,0.0,0.0,1.0
198,Alice Garcia,27,Marketing,46014,0.0,0.0,0.0,1.0,0.0,0.0
891,Charlie Rodriguez,40,Sales,51253,0.0,0.0,0.0,0.0,0.0,1.0
423,Charlie Jones,26,HR,54022,0.0,1.0,0.0,0.0,0.0,0.0
96,Ethan Johnson,26,IT,94732,0.0,0.0,1.0,0.0,0.0,0.0
783,Alice Miller,62,HR,35347,0.0,1.0,0.0,0.0,0.0,0.0
104,Fiona Williams,33,Marketing,57598,0.0,0.0,0.0,1.0,0.0,0.0
194,John Garcia,40,Sales,79104,0.0,0.0,0.0,0.0,0.0,1.0
88,Jane Miller,29,HR,106743,0.0,1.0,0.0,0.0,0.0,0.0
895,Fiona Smith,33,HR,118664,0.0,1.0,0.0,0.0,0.0,0.0
489,,50,Operations,119570,0.0,0.0,0.0,0.0,1.0,0.0
81,Fiona Williams,36,IT,65643,0.0,0.0,1.0,0.0,0.0,0.0
804,Hannah Garcia,47,HR,50644,0.0,1.0,0.0,0.0,0.0,0.0
563,Fiona Davis,48,IT,78758,0.0,0.0,1.0,0.0,0.0,0.0
729,Alice Miller,36,Marketing,83072,0.0,0.0,0.0,1.0,0.0,0.0
191,Hannah Martinez,53,HR,47633,0.0,1.0,0.0,0.0,0.0,0.0
833,Diana Miller,46,Marketing,85718,0.0,0.0,0.0,1.0,0.0,0.0
935,Fiona Miller,56,IT,95031,0.0,0.0,1.0,0.0,0.0,0.0
102,Ethan Rodriguez,30,Operations,83551,0.0,0.0,0.0,0.0,1.0,0.0
955,Ethan Martinez,46,Operations,63691,0.0,0.0,0.0,0.0,1.0,0.0
635,George Smith,47,Marketing,56832,0.0,0.0,0.0,1.0,0.0,0.0
153,Charlie Davis,49,Finance,78368,1.0,0.0,0.0,0.0,0.0,0.0
111,George Garcia,61,Operations,56987,0.0,0.0,0.0,0.0,1.0,0.0
436,George Davis,44,IT,100331,0.0,0.0,1.0,0.0,0.0,0.0
560,Charlie Rodriguez,61,Marketing,91332,0.0,0.0,0.0,1.0,0.0,0.0
1097,Alice Johnson,63,Finance,31177,1.0,0.0,0.0,0.0,0.0,0.0
785,Diana Garcia,47,IT,32643,0.0,0.0,1.0,0.0,0.0,0.0
505,George Brown,44,Sales,77241,0.0,0.0,0.0,0.0,0.0,1.0
726,Ethan Williams,55,Marketing,84220,0.0,0.0,0.0,1.0,0.0,0.0
10,John Smith,32,Marketing,86503,0.0,0.0,0.0,1.0,0.0,0.0
480,Charlie Smith,50,Operations,93936,0.0,0.0,0.0,0.0,1.0,0.0
651,Bob Smith,56,HR,96549,0.0,1.0,0.0,0.0,0.0,0.0
521,John Rodriguez,57,Finance,108040,1.0,0.0,0.0,0.0,0.0,0.0
993,Fiona Rodriguez,54,Sales,89042,0.0,0.0,0.0,0.0,0.0,1.0
767,John Johnson,53,Operations,104603,0.0,0.0,0.0,0.0,1.0,0.0
162,John Jones,48,HR,43673,0.0,1.0,0.0,0.0,0.0,0.0
443,Fiona Brown,40,IT,55121,0.0,0.0,1.0,0.0,0.0,0.0
32,Fiona Smith,36,Operations,118009,0.0,0.0,0.0,0.0,1.0,0.0
202,Charlie Rodriguez,38,HR,87993,0.0,1.0,0.0,0.0,0.0,0.0
799,Charlie Garcia,29,HR,80601,0.0,1.0,0.0,0.0,0.0,0.0
571,Diana Williams,22,HR,109751,0.0,1.0,0.0,0.0,0.0,0.0
272,John Miller,39,Operations,85922,0.0,0.0,0.0,0.0,1.0,0.0
753,Diana Johnson,64,Finance,72821,1.0,0.0,0.0,0.0,0.0,0.0
1197,John Rodriguez,53,Finance,98388,1.0,0.0,0.0,0.0,0.0,0.0
310,Fiona Garcia,51,Sales,55169,0.0,0.0,0.0,0.0,0.0,1.0
213,Diana Smith,27,Sales,61910,0.0,0.0,0.0,0.0,0.0,1.0
22,Fiona Brown,23,Marketing,73753,0.0,0.0,0.0,1.0,0.0,0.0
504,George Rodriguez,45,Sales,35439,0.0,0.0,0.0,0.0,0.0,1.0
528,Ethan Davis,49,Marketing,115667,0.0,0.0,0.0,1.0,0.0,0.0
551,Hannah Garcia,32,Operations,79145,0.0,0.0,0.0,0.0,1.0,0.0
740,Bob Brown,50,Operations,52436,0.0,0.0,0.0,0.0,1.0,0.0
886,Hannah Martinez,47,IT,72951,0.0,0.0,1.0,0.0,0.0,0.0
47,Fiona Rodriguez,49,Marketing,49508,0.0,0.0,0.0,1.0,0.0,0.0
379,Hannah Davis,29,HR,55032,0.0,1.0,0.0,0.0,0.0,0.0
496,John Brown,30,HR,78355,0.0,1.0,0.0,0.0,0.0,0.0
382,Hannah Garcia,25,HR,74936,0.0,1.0,0.0,0.0,0.0,0.0
185,Jane Davis,38,Marketing,95681,0.0,0.0,0.0,1.0,0.0,0.0
206,Charlie Miller,55,Finance,37421,1.0,0.0,0.0,0.0,0.0,0.0
1770,John Martinez,50,Operations,104971,0.0,0.0,0.0,0.0,1.0,0.0
411,Alice Davis,26,Sales,61174,0.0,0.0,0.0,0.0,0.0,1.0
1242,Fiona Jones,37,Finance,44484,1.0,0.0,0.0,0.0,0.0,0.0
537,Hannah Davis,42,Sales,90703,0.0,0.0,0.0,0.0,0.0,1.0
869,Hannah Davis,57,Operations,60933,0.0,0.0,0.0,0.0,1.0,0.0
702,Hannah Davis,49,Finance,80288,1.0,0.0,0.0,0.0,0.0,0.0
542,Ethan Johnson,63,Marketing,88279,0.0,0.0,0.0,1.0,0.0,0.0
306,Alice Miller,25,Operations,100971,0.0,0.0,0.0,0.0,1.0,0.0
826,Ethan Johnson,60,Marketing,92032,0.0,0.0,0.0,1.0,0.0,0.0
343,Ethan Garcia,54,Marketing,44716,0.0,0.0,0.0,1.0,0.0,0.0
909,Jane Garcia,26,IT,37239,0.0,0.0,1.0,0.0,0.0,0.0
169,Bob Martinez,48,IT,118789,0.0,0.0,1.0,0.0,0.0,0.0
751,John Davis,23,Sales,98920,0.0,0.0,0.0,0.0,0.0,1.0
420,Fiona Davis,50,Operations,36548,0.0,0.0,0.0,0.0,1.0,0.0
511,John Jones,46,HR,47630,0.0,1.0,0.0,0.0,0.0,0.0
38,Fiona Davis,60,Sales,95838,0.0,0.0,0.0,0.0,0.0,1.0
844,Diana Rodriguez,40,Finance,44357,1.0,0.0,0.0,0.0,0.0,0.0
964,Charlie Miller,53,Operations,85426,0.0,0.0,0.0,0.0,1.0,0.0
815,Fiona Miller,64,IT,111912,0.0,0.0,1.0,0.0,0.0,0.0
342,Bob Martinez,61,Marketing,103965,0.0,0.0,0.0,1.0,0.0,0.0
691,Charlie Davis,38,Marketing,43428,0.0,0.0,0.0,1.0,0.0,0.0
384,Alice Davis,53,Sales,91588,0.0,0.0,0.0,0.0,0.0,1.0
515,Ethan Johnson,38,HR,107360,0.0,1.0,0.0,0.0,0.0,0.0
212,Alice Miller,30,Sales,118700,0.0,0.0,0.0,0.0,0.0,1.0
317,Fiona Garcia,50,Marketing,103165,0.0,0.0,0.0,1.0,0.0,0.0
85,John Smith,30,Finance,52443,1.0,0.0,0.0,0.0,0.0,0.0
934,Jane Martinez,33,Finance,119087,1.0,0.0,0.0,0.0,0.0,0.0
1244,Bob Martinez,23,Marketing,64503,0.0,0.0,0.0,1.0,0.0,0.0
391,Ethan Smith,51,Operations,71568,0.0,0.0,0.0,0.0,1.0,0.0
680,Hannah Jones,26,Finance,58731,1.0,0.0,0.0,0.0,0.0,0.0
650,Charlie Miller,34,HR,48313,0.0,1.0,0.0,0.0,0.0,0.0
1986,Alice Smith,54,Sales,30587,0.0,0.0,0.0,0.0,0.0,1.0
357,George Garcia,22,HR,37967,0.0,1.0,0.0,0.0,0.0,0.0
326,Jane Miller,39,HR,86154,0.0,1.0,0.0,0.0,0.0,0.0
566,Charlie Martinez,50,Operations,80408,0.0,0.0,0.0,0.0,1.0,0.0
1058,Bob Garcia,63,Sales,117128,0.0,0.0,0.0,0.0,0.0,1.0
761,Jane Jones,29,Operations,43975,0.0,0.0,0.0,0.0,1.0,0.0
509,Diana Williams,34,Finance,69279,1.0,0.0,0.0,0.0,0.0,0.0
825,Charlie Rodriguez,38,Marketing,32336,0.0,0.0,0.0,1.0,0.0,0.0
681,Diana Smith,52,Marketing,98926,0.0,0.0,0.0,1.0,0.0,0.0
830,George Garcia,38,HR,53481,0.0,1.0,0.0,0.0,0.0,0.0
1000,George Johnson,31,Operations,63866,0.0,0.0,0.0,0.0,1.0,0.0
254,Charlie Davis,37,Sales,74843,0.0,0.0,0.0,0.0,0.0,1.0
863,Jane Davis,45,Marketing,42819,0.0,0.0,0.0,1.0,0.0,0.0
581,Alice Jones,60,Finance,53387,1.0,0.0,0.0,0.0,0.0,0.0
877,John Brown,25,Marketing,57624,0.0,0.0,0.0,1.0,0.0,0.0
279,Jane Brown,25,HR,43395,0.0,1.0,0.0,0.0,0.0,0.0
1180,Jane Brown,33,HR,66451,0.0,1.0,0.0,0.0,0.0,0.0
248,George Martinez,58,Sales,35249,0.0,0.0,0.0,0.0,0.0,1.0
181,Ethan Johnson,60,Finance,37227,1.0,0.0,0.0,0.0,0.0,0.0
471,,34,HR,81399,0.0,1.0,0.0,0.0,0.0,0.0
433,Hannah Rodriguez,54,Marketing,30163,0.0,0.0,0.0,1.0,0.0,0.0
953,John Garcia,47,HR,86481,0.0,1.0,0.0,0.0,0.0,0.0
290,George Garcia,43,Operations,118177,0.0,0.0,0.0,0.0,1.0,0.0
835,Bob Johnson,31,Operations,75232,0.0,0.0,0.0,0.0,1.0,0.0
4,George Smith,64,IT,31239,0.0,0.0,1.0,0.0,0.0,0.0
1502,Alice Rodriguez,60,Finance,59956,1.0,0.0,0.0,0.0,0.0,0.0
1725,Fiona Johnson,59,HR,76850,0.0,1.0,0.0,0.0,0.0,0.0
536,Jane Johnson,46,Marketing,39503,0.0,0.0,0.0,1.0,0.0,0.0
989,Fiona Jones,48,Sales,99615,0.0,0.0,0.0,0.0,0.0,1.0
994,John Martinez,58,Sales,48099,0.0,0.0,0.0,0.0,0.0,1.0
164,George Martinez,62,IT,118204,0.0,0.0,1.0,0.0,0.0,0.0
189,Ethan Garcia,44,Sales,94174,0.0,0.0,0.0,0.0,0.0,1.0
959,John Davis,61,Marketing,38438,0.0,0.0,0.0,1.0,0.0,0.0
40,Bob Jones,25,HR,72823,0.0,1.0,0.0,0.0,0.0,0.0
283,Ethan Davis,41,Sales,106559,0.0,0.0,0.0,0.0,0.0,1.0
280,,54,Sales,115957,0.0,0.0,0.0,0.0,0.0,1.0
367,Bob Johnson,53,Operations,48268,0.0,0.0,0.0,0.0,1.0,0.0
707,Bob Martinez,55,Operations,46184,0.0,0.0,0.0,0.0,1.0,0.0
897,John Williams,47,Operations,109025,0.0,0.0,0.0,0.0,1.0,0.0
421,John Johnson,35,HR,103294,0.0,1.0,0.0,0.0,0.0,0.0
995,Diana Williams,48,Finance,75096,1.0,0.0,0.0,0.0,0.0,0.0
271,John Johnson,39,IT,102982,0.0,0.0,1.0,0.0,0.0,0.0
890,Alice Miller,25,HR,48658,0.0,1.0,0.0,0.0,0.0,0.0
836,Ethan Smith,24,Finance,116544,1.0,0.0,0.0,0.0,0.0,0.0
475,George Jones,56,Finance,37099,1.0,0.0,0.0,0.0,0.0,0.0
924,Jane Garcia,45,Operations,67711,0.0,0.0,0.0,0.0,1.0,0.0
615,Fiona Williams,35,IT,112368,0.0,0.0,1.0,0.0,0.0,0.0
112,John Garcia,43,HR,108714,0.0,1.0,0.0,0.0,0.0,0.0
553,Diana Rodriguez,33,Sales,107811,0.0,0.0,0.0,0.0,0.0,1.0
221,John Miller,24,Marketing,63893,0.0,0.0,0.0,1.0,0.0,0.0
628,Charlie Smith,59,Marketing,97695,0.0,0.0,0.0,1.0,0.0,0.0
754,Ethan Garcia,64,Sales,43493,0.0,0.0,0.0,0.0,0.0,1.0
84,Hannah Johnson,28,IT,38927,0.0,0.0,1.0,0.0,0.0,0.0
874,John Jones,41,Sales,44939,0.0,0.0,0.0,0.0,0.0,1.0
791,John Garcia,47,Operations,47073,0.0,0.0,0.0,0.0,1.0,0.0
132,Diana Miller,53,Finance,87716,1.0,0.0,0.0,0.0,0.0,0.0
462,Hannah Martinez,58,IT,33631,0.0,0.0,1.0,0.0,0.0,0.0
405,Alice Martinez,53,Sales,87022,0.0,0.0,0.0,0.0,0.0,1.0
552,Charlie Smith,39,Finance,107425,1.0,0.0,0.0,0.0,0.0,0.0
154,Diana Williams,41,Marketing,104172,0.0,0.0,0.0,1.0,0.0,0.0
327,George Brown,46,HR,50609,0.0,1.0,0.0,0.0,0.0,0.0
199,Charlie Brown,53,Sales,63755,0.0,0.0,0.0,0.0,0.0,1.0
700,Charlie Smith,53,IT,63937,0.0,0.0,1.0,0.0,0.0,0.0
403,Diana Brown,22,HR,72468,0.0,1.0,0.0,0.0,0.0,0.0
282,Charlie Johnson,42,HR,34895,0.0,1.0,0.0,0.0,0.0,0.0
588,Alice Davis,34,HR,78689,0.0,1.0,0.0,0.0,0.0,0.0
99,Ethan Johnson,62,Marketing,62779,0.0,0.0,0.0,1.0,0.0,0.0
661,Alice Smith,22,Sales,63848,0.0,0.0,0.0,0.0,0.0,1.0
947,Hannah Martinez,56,HR,110685,0.0,1.0,0.0,0.0,0.0,0.0
